hpo_id,organ_system_groups
HP:0000003,genitourinary
HP:0000010,genitourinary;immune_system
HP:0000012,genitourinary
HP:0000013,genitourinary
HP:0000020,genitourinary
HP:0000023,abdomen
HP:0000026,endocrine;genitourinary
HP:0000028,genitourinary
HP:0000033,genitourinary
HP:0000041,genitourinary
HP:0000047,genitourinary
HP:0000050,genitourinary
HP:0000054,genitourinary
HP:0000059,genitourinary
HP:0000061,genitourinary
HP:0000062,genitourinary
HP:0000069,genitourinary
HP:0000071,genitourinary
HP:0000072,genitourinary
HP:0000073,genitourinary
HP:0000076,genitourinary
HP:0000077,genitourinary
HP:0000083,genitourinary
HP:0000085,genitourinary
HP:0000089,genitourinary
HP:0000090,genitourinary
HP:0000092,genitourinary
HP:0000093,genitourinary;metabolism
HP:0000098,growth
HP:0000099,genitourinary;immune_system
HP:0000103,genitourinary
HP:0000104,genitourinary
HP:0000105,genitourinary
HP:0000107,genitourinary
HP:0000108,genitourinary
HP:0000110,genitourinary
HP:0000112,genitourinary
HP:0000113,genitourinary
HP:0000121,genitourinary
HP:0000126,genitourinary
HP:0000130,genitourinary
HP:0000135,endocrine;genitourinary
HP:0000137,genitourinary
HP:0000143,abdomen;genitourinary
HP:0000148,genitourinary
HP:0000154,head_neck
HP:0000158,head_neck
HP:0000160,head_neck
HP:0000161,head_neck
HP:0000164,head_neck
HP:0000171,head_neck
HP:0000175,head_neck
HP:0000176,head_neck
HP:0000179,head_neck
HP:0000180,head_neck
HP:0000190,head_neck
HP:0000191,head_neck
HP:0000193,head_neck
HP:0000194,head_neck
HP:0000199,head_neck
HP:0000200,head_neck
HP:0000202,head_neck
HP:0000204,head_neck
HP:0000207,head_neck
HP:0000212,head_neck
HP:0000218,head_neck
HP:0000219,head_neck
HP:0000232,head_neck
HP:0000233,head_neck
HP:0000238,nervous_system
HP:0000239,head_neck;skeletal
HP:0000243,head_neck;skeletal
HP:0000246,immune_system;head_neck;respiratory;skeletal
HP:0000248,head_neck;skeletal
HP:0000252,head_neck;nervous_system;skeletal
HP:0000256,head_neck;skeletal
HP:0000260,head_neck;skeletal
HP:0000262,head_neck;skeletal
HP:0000268,head_neck;skeletal
HP:0000269,head_neck;skeletal
HP:0000272,head_neck;skeletal
HP:0000278,head_neck;skeletal
HP:0000280,head_neck
HP:0000286,head_neck
HP:0000293,head_neck
HP:0000294,head_neck;skin
HP:0000303,head_neck;skeletal
HP:0000308,head_neck;skeletal
HP:0000311,head_neck
HP:0000316,eye
HP:0000317,head_neck;nervous_system
HP:0000319,head_neck
HP:0000322,head_neck
HP:0000324,head_neck
HP:0000325,head_neck
HP:0000337,head_neck
HP:0000340,head_neck
HP:0000341,head_neck
HP:0000343,head_neck
HP:0000347,head_neck;skeletal
HP:0000348,head_neck
HP:0000358,ear
HP:0000360,ear
HP:0000365,ear
HP:0000369,ear
HP:0000377,ear
HP:0000384,head_neck;skin
HP:0000388,ear;immune_system
HP:0000389,ear;immune_system
HP:0000400,ear
HP:0000403,ear;immune_system
HP:0000405,ear
HP:0000407,ear
HP:0000411,ear
HP:0000413,ear
HP:0000414,head_neck
HP:0000426,head_neck
HP:0000431,head_neck
HP:0000437,head_neck
HP:0000445,head_neck
HP:0000448,head_neck
HP:0000453,head_neck
HP:0000455,head_neck
HP:0000457,head_neck
HP:0000458,head_neck;nervous_system
HP:0000463,head_neck
HP:0000465,head_neck
HP:0000467,
HP:0000470,head_neck;skeletal
HP:0000473,head_neck;nervous_system
HP:0000474,head_neck
HP:0000475,head_neck
HP:0000476,head_neck
HP:0000479,eye
HP:0000480,eye
HP:0000482,eye
HP:0000483,eye
HP:0000486,eye
HP:0000488,eye
HP:0000490,eye
HP:0000494,head_neck
HP:0000496,eye
HP:0000498,eye;immune_system;head_neck
HP:0000501,eye
HP:0000505,eye
HP:0000506,head_neck
HP:0000508,eye
HP:0000510,eye
HP:0000511,eye
HP:0000512,eye
HP:0000514,eye
HP:0000518,eye
HP:0000520,eye
HP:0000524,eye;cardiovascular;head_neck;skin
HP:0000526,eye
HP:0000527,head_neck;skin
HP:0000528,eye
HP:0000529,eye
HP:0000533,eye
HP:0000537,head_neck
HP:0000540,eye
HP:0000541,eye
HP:0000543,eye
HP:0000545,eye
HP:0000546,eye
HP:0000548,eye
HP:0000550,eye
HP:0000551,eye
HP:0000552,eye
HP:0000555,eye
HP:0000556,eye
HP:0000563,eye
HP:0000565,eye
HP:0000567,eye
HP:0000568,eye
HP:0000570,eye
HP:0000571,eye
HP:0000572,eye
HP:0000574,head_neck;skin
HP:0000575,eye
HP:0000577,eye
HP:0000580,eye
HP:0000582,head_neck
HP:0000588,eye
HP:0000589,eye
HP:0000597,eye
HP:0000601,eye
HP:0000602,eye
HP:0000603,eye
HP:0000605,eye
HP:0000608,eye
HP:0000609,eye;nervous_system
HP:0000612,eye
HP:0000613,eye;nervous_system
HP:0000616,eye
HP:0000617,eye
HP:0000618,eye
HP:0000623,eye
HP:0000639,eye
HP:0000640,eye
HP:0000641,eye
HP:0000646,eye
HP:0000648,eye
HP:0000651,eye
HP:0000654,eye
HP:0000657,eye;nervous_system
HP:0000662,eye
HP:0000664,head_neck;skin
HP:0000666,eye
HP:0000667,eye
HP:0000668,head_neck
HP:0000670,head_neck
HP:0000674,head_neck
HP:0000678,head_neck
HP:0000679,head_neck
HP:0000682,head_neck;skeletal
HP:0000684,head_neck
HP:0000685,head_neck
HP:0000687,head_neck
HP:0000689,head_neck
HP:0000691,head_neck
HP:0000695,head_neck
HP:0000716,nervous_system
HP:0000717,nervous_system
HP:0000718,nervous_system
HP:0000722,nervous_system
HP:0000726,nervous_system
HP:0000727,nervous_system
HP:0000729,nervous_system
HP:0000733,nervous_system
HP:0000737,nervous_system
HP:0000738,nervous_system
HP:0000739,nervous_system
HP:0000741,nervous_system
HP:0000742,nervous_system
HP:0000743,nervous_system
HP:0000746,nervous_system
HP:0000750,nervous_system
HP:0000752,nervous_system
HP:0000757,nervous_system
HP:0000762,nervous_system
HP:0000763,nervous_system
HP:0000767,skeletal
HP:0000768,skeletal
HP:0000773,skeletal
HP:0000774,skeletal
HP:0000776,
HP:0000786,genitourinary
HP:0000789,genitourinary
HP:0000790,genitourinary;metabolism
HP:0000791,genitourinary
HP:0000800,genitourinary
HP:0000803,genitourinary
HP:0000805,genitourinary
HP:0000812,genitourinary
HP:0000819,endocrine;metabolism
HP:0000821,endocrine
HP:0000822,cardiovascular
HP:0000823,endocrine;growth
HP:0000824,endocrine;nervous_system
HP:0000835,endocrine
HP:0000855,metabolism
HP:0000858,genitourinary
HP:0000863,endocrine
HP:0000871,endocrine;nervous_system
HP:0000873,endocrine
HP:0000878,skeletal
HP:0000882,skeletal
HP:0000888,skeletal
HP:0000894,skeletal
HP:0000895,skeletal
HP:0000921,skeletal
HP:0000926,skeletal
HP:0000932,head_neck;skeletal
HP:0000938,skeletal
HP:0000939,skeletal
HP:0000946,skeletal
HP:0000954,limbs;skin
HP:0000960,skeletal;skin
HP:0000961,skin
HP:0000962,skin
HP:0000963,skin
HP:0000965,cardiovascular;skin
HP:0000968,skin
HP:0000969,metabolism
HP:0000973,skin
HP:0000980,skin
HP:0000998,skin
HP:0001007,skin
HP:0001019,immune_system;skin
HP:0001080,abdomen
HP:0001085,eye
HP:0001099,eye
HP:0001105,eye
HP:0001116,eye
HP:0001123,eye
HP:0001133,eye
HP:0001141,eye
HP:0001151,eye
HP:0001152,eye
HP:0001153,genitourinary
HP:0001156,limbs;skeletal
HP:0001159,limbs;skeletal
HP:0001162,limbs;skeletal
HP:0001169,limbs
HP:0001177,limbs;skeletal
HP:0001182,limbs;skeletal
HP:0001195,cardiovascular
HP:0001230,limbs;skeletal
HP:0001249,nervous_system
HP:0001250,nervous_system
HP:0001251,nervous_system
HP:0001252,
HP:0001256,nervous_system
HP:0001257,nervous_system
HP:0001260,nervous_system
HP:0001263,nervous_system
HP:0001265,nervous_system
HP:0001268,nervous_system
HP:0001270,nervous_system
HP:0001271,nervous_system
HP:0001272,nervous_system
HP:0001273,nervous_system
HP:0001274,nervous_system
HP:0001276,
HP:0001283,nervous_system
HP:0001284,nervous_system
HP:0001288,nervous_system
HP:0001289,nervous_system
HP:0001290,
HP:0001300,nervous_system
HP:0001302,nervous_system
HP:0001305,head_neck;nervous_system;skeletal
HP:0001308,head_neck;nervous_system
HP:0001310,nervous_system
HP:0001315,nervous_system
HP:0001317,nervous_system
HP:0001319,
HP:0001320,nervous_system
HP:0001321,nervous_system
HP:0001324,
HP:0001328,nervous_system
HP:0001332,nervous_system
HP:0001336,nervous_system
HP:0001337,nervous_system
HP:0001338,nervous_system
HP:0001341,nervous_system
HP:0001344,nervous_system
HP:0001347,nervous_system
HP:0001348,nervous_system
HP:0001350,nervous_system
HP:0001357,head_neck;skeletal
HP:0001360,nervous_system
HP:0001363,head_neck;skeletal
HP:0001371,skeletal
HP:0001374,limbs;skeletal
HP:0001377,limbs;skeletal
HP:0001382,
HP:0001385,skeletal
HP:0001387,
HP:0001395,abdomen
HP:0001396,abdomen
HP:0001397,abdomen;metabolism
HP:0001399,abdomen
HP:0001407,abdomen
HP:0001408,abdomen
HP:0001409,abdomen;cardiovascular
HP:0001433,abdomen;cardiovascular;immune_system
HP:0001483,nervous_system
HP:0001508,growth
HP:0001510,growth
HP:0001511,growth
HP:0001513,growth
HP:0001518,growth
HP:0001520,growth
HP:0001537,abdomen
HP:0001538,abdomen
HP:0001539,abdomen
HP:0001541,abdomen
HP:0001545,abdomen
HP:0001557,
HP:0001561,
HP:0001562,
HP:0001583,eye
HP:0001591,skeletal
HP:0001600,respiratory
HP:0001622,
HP:0001623,
HP:0001627,cardiovascular
HP:0001629,cardiovascular
HP:0001631,cardiovascular
HP:0001634,cardiovascular
HP:0001636,cardiovascular
HP:0001639,cardiovascular
HP:0001640,cardiovascular
HP:0001641,cardiovascular
HP:0001642,cardiovascular
HP:0001643,cardiovascular
HP:0001644,cardiovascular
HP:0001646,cardiovascular
HP:0001647,cardiovascular
HP:0001650,cardiovascular
HP:0001651,cardiovascular
HP:0001655,cardiovascular
HP:0001667,cardiovascular
HP:0001669,cardiovascular
HP:0001671,cardiovascular
HP:0001674,cardiovascular
HP:0001680,cardiovascular
HP:0001682,cardiovascular
HP:0001696,cardiovascular
HP:0001698,cardiovascular
HP:0001702,cardiovascular
HP:0001712,cardiovascular
HP:0001718,cardiovascular
HP:0001719,cardiovascular
HP:0001733,abdomen;immune_system
HP:0001737,abdomen
HP:0001742,head_neck
HP:0001744,abdomen;cardiovascular;immune_system
HP:0001746,abdomen;cardiovascular;immune_system
HP:0001747,abdomen;cardiovascular;immune_system
HP:0001748,abdomen;cardiovascular;immune_system
HP:0001750,cardiovascular
HP:0001751,ear
HP:0001760,limbs
HP:0001761,limbs
HP:0001762,limbs
HP:0001765,limbs;skeletal
HP:0001769,limbs
HP:0001770,limbs;skeletal
HP:0001773,limbs;skeletal
HP:0001776,limbs
HP:0001789,metabolism
HP:0001799,skin
HP:0001800,skin
HP:0001816,skin
HP:0001829,limbs;skeletal
HP:0001830,limbs;skeletal
HP:0001831,limbs;skeletal
HP:0001837,limbs;skeletal
HP:0001838,limbs;skeletal
HP:0001841,limbs;skeletal
HP:0001852,limbs;skeletal
HP:0001883,limbs
HP:0001903,
HP:0001919,genitourinary
HP:0001952,metabolism
HP:0001954,metabolism
HP:0001956,growth
HP:0001959,nervous_system
HP:0001970,genitourinary
HP:0001999,head_neck
HP:0002002,head_neck
HP:0002007,head_neck;skeletal
HP:0002015,abdomen;nervous_system
HP:0002017,abdomen
HP:0002020,abdomen
HP:0002021,abdomen
HP:0002023,abdomen
HP:0002059,nervous_system
HP:0002062,nervous_system
HP:0002063,
HP:0002064,nervous_system
HP:0002066,nervous_system
HP:0002067,nervous_system
HP:0002069,nervous_system
HP:0002070,nervous_system
HP:0002071,nervous_system
HP:0002072,nervous_system
HP:0002073,nervous_system
HP:0002075,nervous_system
HP:0002078,nervous_system
HP:0002079,nervous_system
HP:0002080,nervous_system
HP:0002083,nervous_system
HP:0002084,head_neck;nervous_system;skeletal
HP:0002085,head_neck;nervous_system;skeletal
HP:0002089,respiratory
HP:0002090,immune_system;respiratory
HP:0002091,respiratory
HP:0002092,cardiovascular;respiratory
HP:0002093,respiratory
HP:0002094,respiratory
HP:0002098,respiratory
HP:0002099,immune_system;respiratory
HP:0002104,respiratory
HP:0002110,respiratory
HP:0002119,nervous_system
HP:0002120,nervous_system
HP:0002121,nervous_system
HP:0002123,nervous_system
HP:0002126,nervous_system
HP:0002132,nervous_system
HP:0002133,nervous_system
HP:0002136,nervous_system
HP:0002139,nervous_system
HP:0002141,nervous_system
HP:0002162,head_neck;skin
HP:0002164,skin
HP:0002166,nervous_system
HP:0002167,nervous_system
HP:0002168,nervous_system
HP:0002169,nervous_system
HP:0002170,cardiovascular;nervous_system
HP:0002171,nervous_system
HP:0002172,nervous_system
HP:0002174,nervous_system
HP:0002179,nervous_system
HP:0002186,nervous_system
HP:0002187,nervous_system
HP:0002188,nervous_system
HP:0002190,nervous_system
HP:0002194,nervous_system
HP:0002195,nervous_system
HP:0002197,nervous_system
HP:0002198,nervous_system
HP:0002205,immune_system;respiratory
HP:0002209,head_neck;skin
HP:0002213,skin
HP:0002217,skin
HP:0002230,skin
HP:0002236,skin
HP:0002240,abdomen
HP:0002247,abdomen
HP:0002251,abdomen;nervous_system
HP:0002257,head_neck
HP:0002263,head_neck
HP:0002280,head_neck;skeletal
HP:0002282,nervous_system
HP:0002286,skin
HP:0002300,nervous_system
HP:0002304,nervous_system
HP:0002307,head_neck
HP:0002308,nervous_system
HP:0002310,nervous_system
HP:0002311,nervous_system
HP:0002313,nervous_system
HP:0002317,nervous_system
HP:0002321,ear
HP:0002323,nervous_system
HP:0002335,nervous_system
HP:0002342,nervous_system
HP:0002345,nervous_system
HP:0002346,nervous_system
HP:0002350,nervous_system
HP:0002352,nervous_system
HP:0002354,nervous_system
HP:0002359,
HP:0002360,nervous_system
HP:0002365,nervous_system
HP:0002373,nervous_system
HP:0002376,nervous_system
HP:0002380,nervous_system
HP:0002384,nervous_system
HP:0002392,nervous_system
HP:0002395,nervous_system
HP:0002396,
HP:0002403,nervous_system
HP:0002404,nervous_system
HP:0002406,nervous_system
HP:0002410,nervous_system
HP:0002411,nervous_system
HP:0002419,nervous_system
HP:0002421,
HP:0002423,nervous_system
HP:0002435,nervous_system
HP:0002436,nervous_system
HP:0002442,nervous_system
HP:0002444,nervous_system
HP:0002460,
HP:0002465,nervous_system
HP:0002470,nervous_system
HP:0002475,nervous_system
HP:0002493,nervous_system
HP:0002495,nervous_system
HP:0002497,nervous_system
HP:0002503,nervous_system
HP:0002505,nervous_system
HP:0002506,nervous_system
HP:0002507,nervous_system
HP:0002508,nervous_system
HP:0002515,nervous_system
HP:0002516,nervous_system
HP:0002529,nervous_system
HP:0002530,nervous_system
HP:0002536,nervous_system
HP:0002540,nervous_system
HP:0002542,nervous_system
HP:0002553,head_neck;skin
HP:0002557,
HP:0002558,
HP:0002566,abdomen
HP:0002580,abdomen
HP:0002591,nervous_system
HP:0002612,abdomen
HP:0002613,abdomen
HP:0002616,cardiovascular
HP:0002617,cardiovascular
HP:0002643,respiratory
HP:0002645,head_neck;skeletal
HP:0002650,skeletal
HP:0002657,skeletal
HP:0002663,skeletal
HP:0002692,head_neck;skeletal
HP:0002705,head_neck
HP:0002714,head_neck
HP:0002719,immune_system
HP:0002750,
HP:0002751,skeletal
HP:0002783,immune_system;respiratory
HP:0002788,immune_system;head_neck;respiratory
HP:0002789,respiratory
HP:0002790,respiratory
HP:0002804,skeletal
HP:0002812,limbs;skeletal
HP:0002827,limbs;skeletal
HP:0002837,immune_system;respiratory
HP:0002839,genitourinary
HP:0002857,limbs;skeletal
HP:0002869,skeletal
HP:0002871,respiratory
HP:0002876,respiratory
HP:0002878,respiratory
HP:0002883,respiratory
HP:0002901,metabolism
HP:0002910,metabolism
HP:0002936,nervous_system
HP:0002938,skeletal
HP:0002974,limbs;skeletal
HP:0002980,limbs;skeletal
HP:0002983,limbs;skeletal
HP:0002984,limbs;skeletal
HP:0002986,limbs;skeletal
HP:0002987,limbs;skeletal
HP:0002996,limbs;skeletal
HP:0003016,limbs;skeletal
HP:0003021,limbs;skeletal
HP:0003022,limbs;skeletal
HP:0003025,limbs;skeletal
HP:0003026,skeletal
HP:0003027,limbs;skeletal
HP:0003031,limbs;skeletal
HP:0003038,limbs;skeletal
HP:0003042,limbs;skeletal
HP:0003071,skeletal
HP:0003073,metabolism
HP:0003074,metabolism
HP:0003090,limbs;skeletal
HP:0003124,metabolism
HP:0003173,skeletal
HP:0003175,skeletal
HP:0003177,skeletal
HP:0003180,limbs;skeletal
HP:0003196,head_neck
HP:0003200,
HP:0003202,
HP:0003236,metabolism
HP:0003241,genitourinary
HP:0003251,genitourinary
HP:0003259,metabolism
HP:0003270,abdomen
HP:0003305,skeletal
HP:0003311,skeletal
HP:0003363,abdomen;growth
HP:0003375,skeletal
HP:0003376,nervous_system
HP:0003380,nervous_system
HP:0003390,nervous_system
HP:0003391,
HP:0003394,
HP:0003401,nervous_system
HP:0003429,nervous_system
HP:0003431,nervous_system
HP:0003445,
HP:0003448,nervous_system
HP:0003474,nervous_system
HP:0003477,nervous_system
HP:0003487,nervous_system
HP:0003521,growth;skeletal
HP:0003546,
HP:0003690,limbs
HP:0003693,
HP:0003698,
HP:0003701,
HP:0003762,genitourinary
HP:0003763,nervous_system
HP:0003774,genitourinary
HP:0003781,head_neck
HP:0003865,limbs;skeletal
HP:0004209,limbs;skeletal
HP:0004322,growth
HP:0004325,growth
HP:0004326,growth
HP:0004370,metabolism
HP:0004373,nervous_system
HP:0004383,cardiovascular
HP:0004396,abdomen
HP:0004409,head_neck;nervous_system
HP:0004425,head_neck
HP:0004428,head_neck
HP:0004442,head_neck;skeletal
HP:0004469,immune_system;respiratory
HP:0004482,head_neck;skeletal
HP:0004491,head_neck;skeletal
HP:0004639,
HP:0004689,limbs;skeletal
HP:0004691,limbs;skeletal
HP:0004692,limbs;skeletal
HP:0004719,genitourinary
HP:0004727,genitourinary
HP:0004734,genitourinary
HP:0004737,genitourinary
HP:0004743,genitourinary
HP:0004762,cardiovascular
HP:0004935,cardiovascular;respiratory
HP:0004944,cardiovascular;nervous_system
HP:0004970,cardiovascular
HP:0004971,cardiovascular;respiratory
HP:0005054,limbs;skeletal
HP:0005148,cardiovascular
HP:0005160,cardiovascular;respiratory
HP:0005180,cardiovascular
HP:0005248,abdomen
HP:0005257,skeletal
HP:0005273,head_neck;skeletal
HP:0005280,head_neck
HP:0005285,head_neck
HP:0005301,cardiovascular
HP:0005343,genitourinary
HP:0005349,respiratory
HP:0005474,head_neck;skeletal
HP:0005484,head_neck;nervous_system;skeletal
HP:0005487,head_neck;skeletal
HP:0005562,genitourinary
HP:0005565,genitourinary
HP:0005567,genitourinary;metabolism
HP:0005576,genitourinary
HP:0005583,genitourinary
HP:0005736,limbs;skeletal
HP:0005766,limbs;skeletal
HP:0005792,limbs;skeletal
HP:0005817,limbs;skeletal
HP:0005819,limbs;skeletal
HP:0005873,limbs;skeletal
HP:0005912,abdomen
HP:0005938,respiratory
HP:0005957,respiratory
HP:0006042,limbs;skeletal
HP:0006101,limbs;skeletal
HP:0006145,limbs;skeletal
HP:0006159,limbs;skeletal
HP:0006254,metabolism
HP:0006267,
HP:0006297,head_neck;skeletal
HP:0006315,head_neck
HP:0006329,head_neck
HP:0006335,head_neck
HP:0006349,head_neck
HP:0006371,limbs;skeletal
HP:0006487,limbs;skeletal
HP:0006510,respiratory
HP:0006532,immune_system;respiratory
HP:0006557,abdomen
HP:0006563,abdomen
HP:0006579,abdomen;skin
HP:0006580,abdomen
HP:0006610,
HP:0006644,skeletal
HP:0006660,skeletal
HP:0006695,cardiovascular
HP:0006706,abdomen
HP:0006817,nervous_system
HP:0006821,nervous_system
HP:0006855,nervous_system
HP:0006858,nervous_system
HP:0006870,nervous_system
HP:0006872,nervous_system
HP:0006879,nervous_system
HP:0006886,nervous_system
HP:0006889,nervous_system
HP:0006895,limbs
HP:0006937,nervous_system
HP:0006938,nervous_system
HP:0006956,nervous_system
HP:0006988,nervous_system
HP:0006989,nervous_system
HP:0007000,nervous_system
HP:0007001,nervous_system
HP:0007006,nervous_system
HP:0007018,nervous_system
HP:0007021,nervous_system
HP:0007024,abdomen;nervous_system
HP:0007033,nervous_system
HP:0007068,nervous_system
HP:0007078,nervous_system
HP:0007112,nervous_system
HP:0007141,nervous_system
HP:0007193,nervous_system
HP:0007240,nervous_system
HP:0007256,nervous_system
HP:0007263,nervous_system
HP:0007267,nervous_system
HP:0007271,nervous_system
HP:0007286,eye
HP:0007289,limbs;nervous_system
HP:0007291,head_neck;nervous_system;skeletal
HP:0007305,nervous_system
HP:0007328,nervous_system
HP:0007338,eye
HP:0007340,limbs
HP:0007360,nervous_system
HP:0007366,nervous_system
HP:0007369,nervous_system
HP:0007370,nervous_system
HP:0007401,eye
HP:0007598,limbs;skin
HP:0007641,eye
HP:0007663,eye
HP:0007665,head_neck;skin
HP:0007668,eye
HP:0007670,ear
HP:0007675,eye
HP:0007676,eye
HP:0007687,eye
HP:0007688,eye
HP:0007703,eye
HP:0007722,eye
HP:0007737,eye
HP:0007750,eye
HP:0007754,eye
HP:0007772,eye
HP:0007787,eye
HP:0007792,eye
HP:0007814,eye
HP:0007830,eye
HP:0007843,eye;cardiovascular
HP:0007859,eye
HP:0007874,head_neck
HP:0007875,eye
HP:0007885,eye
HP:0007894,eye
HP:0007944,eye
HP:0007973,eye
HP:0007979,eye
HP:0007988,eye
HP:0007994,eye
HP:0008001,eye
HP:0008002,eye
HP:0008003,eye
HP:0008043,eye;cardiovascular;head_neck
HP:0008070,skin
HP:0008081,limbs
HP:0008222,genitourinary
HP:0008278,nervous_system
HP:0008323,eye
HP:0008422,skeletal
HP:0008428,skeletal
HP:0008499,eye
HP:0008527,ear
HP:0008551,ear
HP:0008672,genitourinary
HP:0008689,genitourinary
HP:0008734,genitourinary
HP:0008736,genitourinary
HP:0008749,respiratory
HP:0008753,respiratory
HP:0008786,skeletal
HP:0008802,limbs;skeletal
HP:0008839,skeletal
HP:0008850,growth
HP:0008872,abdomen
HP:0008873,growth
HP:0008897,growth
HP:0008905,growth;limbs;skeletal
HP:0008935,
HP:0008936,
HP:0009027,limbs
HP:0009049,limbs
HP:0009099,head_neck
HP:0009162,limbs;skeletal
HP:0009183,limbs;skeletal
HP:0009381,limbs;skeletal
HP:0009466,limbs;skeletal
HP:0009487,limbs
HP:0009556,limbs;skeletal
HP:0009576,limbs;skeletal
HP:0009611,limbs;skeletal
HP:0009623,limbs;skeletal
HP:0009760,skeletal;skin
HP:0009803,limbs;skeletal
HP:0009806,endocrine
HP:0009826,limbs;skeletal
HP:0009830,nervous_system
HP:0009878,nervous_system
HP:0009880,limbs;skeletal
HP:0009882,limbs;skeletal
HP:0009914,eye
HP:0009921,eye
HP:0009931,head_neck
HP:0009932,head_neck
HP:0009942,limbs;skeletal
HP:0010034,limbs;skeletal
HP:0010044,limbs;skeletal
HP:0010047,limbs;skeletal
HP:0010049,limbs;skeletal
HP:0010055,limbs;skeletal
HP:0010066,limbs;skeletal
HP:0010230,limbs;skeletal
HP:0010291,head_neck
HP:0010296,head_neck
HP:0010297,head_neck
HP:0010300,nervous_system
HP:0010305,skeletal
HP:0010306,skeletal
HP:0010442,limbs;skeletal
HP:0010444,cardiovascular
HP:0010445,cardiovascular
HP:0010452,abdomen;cardiovascular;immune_system
HP:0010454,limbs;skeletal
HP:0010477,genitourinary
HP:0010526,nervous_system
HP:0010529,nervous_system
HP:0010535,nervous_system
HP:0010543,eye
HP:0010545,eye
HP:0010566,
HP:0010576,nervous_system
HP:0010579,skeletal
HP:0010626,endocrine;nervous_system
HP:0010650,head_neck;skeletal
HP:0010702,immune_system;metabolism
HP:0010743,limbs;skeletal
HP:0010750,head_neck
HP:0010757,head_neck;skeletal
HP:0010773,cardiovascular;respiratory
HP:0010803,head_neck
HP:0010804,head_neck
HP:0010808,head_neck
HP:0010812,head_neck
HP:0010828,nervous_system
HP:0010831,nervous_system
HP:0010862,nervous_system
HP:0010864,nervous_system
HP:0010880,head_neck;metabolism
HP:0010946,genitourinary
HP:0010958,genitourinary
HP:0011003,eye
HP:0011004,cardiovascular
HP:0011069,head_neck
HP:0011090,head_neck
HP:0011094,head_neck
HP:0011108,immune_system;head_neck;respiratory;skeletal
HP:0011109,immune_system;head_neck;respiratory;skeletal
HP:0011220,head_neck
HP:0011315,head_neck;skeletal
HP:0011330,head_neck;skeletal
HP:0011340,head_neck
HP:0011402,nervous_system
HP:0011448,limbs;nervous_system;skeletal
HP:0011467,abdomen
HP:0011504,eye
HP:0011505,eye
HP:0011536,cardiovascular;growth
HP:0011537,cardiovascular;growth
HP:0011538,cardiovascular
HP:0011539,cardiovascular
HP:0011540,cardiovascular
HP:0011555,cardiovascular
HP:0011560,cardiovascular
HP:0011565,cardiovascular
HP:0011577,cardiovascular
HP:0011579,cardiovascular
HP:0011599,cardiovascular
HP:0011611,cardiovascular
HP:0011670,cardiovascular
HP:0011671,cardiovascular
HP:0011699,cardiovascular
HP:0011755,endocrine;nervous_system
HP:0011760,endocrine;nervous_system
HP:0011787,endocrine
HP:0011800,head_neck
HP:0011802,abdomen;head_neck
HP:0011861,respiratory
HP:0011922,metabolism
HP:0011927,limbs;skeletal
HP:0011933,nervous_system
HP:0011939,limbs;skeletal
HP:0011950,immune_system;respiratory
HP:0011968,abdomen
HP:0011999,nervous_system
HP:0012020,cardiovascular
HP:0012043,eye
HP:0012045,eye
HP:0012047,eye
HP:0012165,limbs;skeletal
HP:0012207,genitourinary
HP:0012208,genitourinary
HP:0012210,genitourinary
HP:0012213,genitourinary
HP:0012255,respiratory
HP:0012256,respiratory
HP:0012257,respiratory
HP:0012258,respiratory
HP:0012259,respiratory
HP:0012260,respiratory
HP:0012262,respiratory
HP:0012263,respiratory
HP:0012265,respiratory
HP:0012304,cardiovascular
HP:0012330,genitourinary;immune_system
HP:0012368,head_neck
HP:0012384,head_neck
HP:0012385,skeletal
HP:0012393,immune_system
HP:0012426,eye
HP:0012428,limbs;skeletal
HP:0012471,head_neck
HP:0012473,head_neck
HP:0012506,endocrine;nervous_system
HP:0012508,eye
HP:0012514,
HP:0012591,genitourinary;metabolism
HP:0012592,genitourinary;metabolism
HP:0012622,genitourinary
HP:0012623,genitourinary
HP:0012735,respiratory
HP:0012743,growth
HP:0012745,head_neck
HP:0012758,nervous_system
HP:0012806,head_neck
HP:0012841,eye;cardiovascular
HP:0012890,abdomen
HP:0012896,nervous_system
HP:0020045,eye
HP:0020049,eye
HP:0020132,genitourinary
HP:0020185,nervous_system
HP:0025010,eye
HP:0025147,eye
HP:0025158,eye
HP:0025161,nervous_system
HP:0025186,eye
HP:0025335,nervous_system
HP:0025336,nervous_system
HP:0025502,growth
HP:0025514,eye
HP:0025700,
HP:0030010,genitourinary
HP:0030084,limbs;skeletal
HP:0030147,nervous_system
HP:0030151,abdomen;immune_system
HP:0030157,
HP:0030177,nervous_system
HP:0030211,eye
HP:0030329,eye
HP:0030353,endocrine
HP:0030466,eye
HP:0030483,eye
HP:0030505,eye
HP:0030515,eye
HP:0030529,eye
HP:0030553,eye
HP:0030629,eye
HP:0030631,eye
HP:0030672,eye
HP:0030680,cardiovascular
HP:0030760,genitourinary
HP:0030769,nervous_system
HP:0030786,eye
HP:0030799,head_neck;skeletal
HP:0030825,eye
HP:0030828,respiratory
HP:0030844,eye
HP:0030853,growth
HP:0030902,nervous_system
HP:0030948,metabolism
HP:0031166,nervous_system
HP:0031245,respiratory
HP:0031348,cardiovascular
HP:0031417,respiratory
HP:0031491,nervous_system
HP:0031500,abdomen
HP:0031565,abdomen;growth
HP:0031590,eye
HP:0031605,eye
HP:0031609,eye
HP:0031624,eye
HP:0031629,nervous_system
HP:0031834,cardiovascular
HP:0031936,nervous_system
HP:0032078,limbs;skeletal
HP:0032118,eye
HP:0032122,eye
HP:0032285,eye
HP:0032341,respiratory
HP:0032342,respiratory
HP:0032464,genitourinary
HP:0032466,nervous_system
HP:0032612,limbs;skeletal
HP:0032948,genitourinary
HP:0032988,nervous_system
HP:0033036,respiratory
HP:0033128,nervous_system
HP:0033149,abdomen
HP:0033158,respiratory
HP:0033183,respiratory
HP:0033257,nervous_system
HP:0033379,cardiovascular
HP:0033454,abdomen
HP:0033601,genitourinary
HP:0033683,nervous_system
HP:0033725,nervous_system
HP:0034011,genitourinary
HP:0034044,limbs;skeletal
HP:0034188,abdomen
HP:0034217,
HP:0034272,eye
HP:0034281,skeletal
HP:0034302,eye
HP:0034374,limbs;skeletal
HP:0034435,nervous_system
HP:0040022,limbs;skeletal
HP:0040049,eye
HP:0040071,limbs;skeletal
HP:0040213,respiratory
HP:0040270,metabolism
HP:0045025,head_neck
HP:0045075,head_neck;skin
HP:0100018,eye
HP:0100021,nervous_system
HP:0100258,limbs;skeletal
HP:0100259,limbs;skeletal
HP:0100260,limbs;skeletal
HP:0100275,nervous_system
HP:0100336,head_neck
HP:0100337,head_neck
HP:0100490,limbs;skeletal
HP:0100543,nervous_system
HP:0100582,head_neck
HP:0100611,genitourinary
HP:0100628,abdomen
HP:0100660,nervous_system
HP:0100702,nervous_system
HP:0100704,eye
HP:0100710,nervous_system
HP:0100732,abdomen
HP:0100750,respiratory
HP:0100785,nervous_system
HP:0100818,skeletal
HP:0100840,head_neck;skin
HP:0100864,limbs;skeletal
HP:0100866,skeletal
HP:0100951,nervous_system
HP:0100957,genitourinary
HP:0200055,limbs;skeletal
HP:0200070,eye
HP:0200073,respiratory
HP:0200096,head_neck
HP:0410030,head_neck
HP:0430025,head_neck;nervous_system
HP:0500087,eye
