fold,repeat,model,accuracy,f1_weighted,top3_accuracy
0,1,Random Forest,0.9102564102564102,0.9015873015873017,0.9871794871794872
0,1,XGBoost,0.8333333333333334,0.8245840629207769,0.9743589743589743
1,1,Random Forest,0.8974358974358975,0.8970543345543345,0.9871794871794872
1,1,XGBoost,0.8461538461538461,0.838211349164696,0.9871794871794872
2,1,Random Forest,0.8846153846153846,0.8802822479354657,0.9871794871794872
2,1,XGBoost,0.8974358974358975,0.8951521113464432,0.9743589743589743
3,1,Random Forest,0.9102564102564102,0.904225162559328,1.0
3,1,XGBoost,0.8974358974358975,0.8867990558143362,0.9743589743589743
4,2,Random Forest,0.8717948717948718,0.8646214896214897,1.0
4,2,XGBoost,0.8717948717948718,0.8679061679061678,0.9615384615384616
5,2,Random Forest,0.9230769230769231,0.9135551987544397,0.9871794871794872
5,2,XGBoost,0.8589743589743589,0.8562449124949123,0.9871794871794872
6,2,Random Forest,0.8717948717948718,0.8749828219463848,0.9871794871794872
6,2,XGBoost,0.8076923076923077,0.7934606404242032,0.9743589743589743
7,2,Random Forest,0.8589743589743589,0.8465608465608465,0.9615384615384616
7,2,XGBoost,0.8333333333333334,0.8268111518111518,0.9487179487179487
8,3,Random Forest,0.8589743589743589,0.8546290310996193,0.9743589743589743
8,3,XGBoost,0.8205128205128205,0.806271397447868,0.9615384615384616
9,3,Random Forest,0.8717948717948718,0.861653719843375,1.0
9,3,XGBoost,0.8333333333333334,0.8185099500888975,0.9871794871794872
10,3,Random Forest,0.8717948717948718,0.8707003522792996,0.9743589743589743
10,3,XGBoost,0.8461538461538461,0.8478730946472882,0.9615384615384616
11,3,Random Forest,0.8717948717948718,0.8459022459022458,0.9743589743589743
11,3,XGBoost,0.8461538461538461,0.8355632671422145,0.9487179487179487
12,4,Random Forest,0.7948717948717948,0.7926990800472582,0.9743589743589743
12,4,XGBoost,0.8076923076923077,0.7978343294132768,0.9871794871794872
13,4,Random Forest,0.8974358974358975,0.8934189767861165,0.9743589743589743
13,4,XGBoost,0.8461538461538461,0.8298431828857793,0.9358974358974359
14,4,Random Forest,0.8333333333333334,0.8255899071688546,0.9871794871794872
14,4,XGBoost,0.782051282051282,0.7733770662463362,0.9487179487179487
15,4,Random Forest,0.9487179487179487,0.9309224544518662,1.0
15,4,XGBoost,0.9358974358974359,0.9206468912351264,0.9871794871794872
16,5,Random Forest,0.8846153846153846,0.885084676596613,0.9743589743589743
16,5,XGBoost,0.8461538461538461,0.853612727142139,0.9743589743589743
17,5,Random Forest,0.8589743589743589,0.8598171305067857,1.0
17,5,XGBoost,0.8076923076923077,0.8088606795503348,0.9743589743589743
18,5,Random Forest,0.8589743589743589,0.8648117963907436,1.0
18,5,XGBoost,0.8076923076923077,0.8077812201293982,0.9615384615384616
19,5,Random Forest,0.8846153846153846,0.883061383061383,0.9743589743589743
19,5,XGBoost,0.8589743589743589,0.8523735810113519,0.9743589743589743
20,6,Random Forest,0.8717948717948718,0.8574070791812727,0.9743589743589743
20,6,XGBoost,0.8076923076923077,0.792662871600253,0.9743589743589743
21,6,Random Forest,0.9102564102564102,0.9030982905982905,0.9871794871794872
21,6,XGBoost,0.8846153846153846,0.8657248042003033,0.9743589743589743
22,6,Random Forest,0.8717948717948718,0.8685704554544424,0.9615384615384616
22,6,XGBoost,0.8333333333333334,0.8319335635125109,0.9358974358974359
23,6,Random Forest,0.8846153846153846,0.8862433862433863,1.0
23,6,XGBoost,0.8589743589743589,0.8601235365941248,1.0
24,7,Random Forest,0.8717948717948718,0.8651638959331268,0.9871794871794872
24,7,XGBoost,0.7948717948717948,0.7890224934759348,0.9487179487179487
25,7,Random Forest,0.8205128205128205,0.8143585459374935,0.9871794871794872
25,7,XGBoost,0.782051282051282,0.7707077522866996,0.9487179487179487
26,7,Random Forest,0.8717948717948718,0.8646181699232098,0.9743589743589743
26,7,XGBoost,0.782051282051282,0.7687259425162651,0.9615384615384616
27,7,Random Forest,0.9615384615384616,0.9577441077441077,1.0
27,7,XGBoost,0.9358974358974359,0.9338839809428046,0.9871794871794872
28,8,Random Forest,0.8717948717948718,0.8700040700040699,0.9871794871794872
28,8,XGBoost,0.8076923076923077,0.8019199873450885,0.9230769230769231
29,8,Random Forest,0.8717948717948718,0.8578242545984482,0.9743589743589743
29,8,XGBoost,0.8333333333333334,0.8107855107855108,0.9743589743589743
30,8,Random Forest,0.8846153846153846,0.8890679213259858,1.0
30,8,XGBoost,0.8333333333333334,0.8382577100319036,0.9615384615384616
31,8,Random Forest,0.8717948717948718,0.869736237478173,1.0
31,8,XGBoost,0.8717948717948718,0.8671871987661461,0.9871794871794872
32,9,Random Forest,0.8846153846153846,0.8763550719433073,1.0
32,9,XGBoost,0.7948717948717948,0.7952158276701887,0.9743589743589743
33,9,Random Forest,0.8589743589743589,0.8514946654652537,1.0
33,9,XGBoost,0.782051282051282,0.77652573429064,0.9743589743589743
34,9,Random Forest,0.8461538461538461,0.837238402623018,0.9743589743589743
34,9,XGBoost,0.8205128205128205,0.8196174196174196,0.9743589743589743
35,9,Random Forest,0.9230769230769231,0.9100554416343891,0.9871794871794872
35,9,XGBoost,0.9102564102564102,0.8951193972865799,0.9743589743589743
36,10,Random Forest,0.8589743589743589,0.8568508414662259,0.9743589743589743
36,10,XGBoost,0.8717948717948718,0.8608363858363857,0.9615384615384616
37,10,Random Forest,0.8461538461538461,0.8457495804098237,0.9871794871794872
37,10,XGBoost,0.7692307692307693,0.7755793770499654,0.9615384615384616
38,10,Random Forest,0.9230769230769231,0.9188802257767773,0.9871794871794872
38,10,XGBoost,0.8717948717948718,0.8537614088697679,0.9871794871794872
39,10,Random Forest,0.8846153846153846,0.8747481563271038,0.9743589743589743
39,10,XGBoost,0.8205128205128205,0.805920252205082,0.9615384615384616
