,Autosomal Dominant Polycystic Kidney Disease,Bardet–Biedl Syndrome,Cone-Rod Dystrophy,Cornelia de Lange Syndrome,Cranioectodermal Dysplasia,Holoprosencephaly,Joubert Syndrome,Juvenile Myoclonic Epilepsy,Leber Congenital Amaurosis,Meckel–Gruber Syndrome,Nephronophthisis,Orofaciodigital Syndrome,Primary Ciliary Dyskinesia,Retinitis Pigmentosa,Senior-Løken Syndrome,Short-rib Thoracic Dysplasia,Spinocerebellar Ataxia,Spondylometaphyseal Dysplasia,Usher Syndrome,Visceral Heterotaxy
Rod-cone dystrophy (HP:0000510),0.0000,0.9545,0.1364,0.0000,0.2000,0.0000,0.0976,0.0000,0.1053,0.0000,0.0000,0.0000,0.0222,0.8421,0.7500,0.1500,0.0541,0.1429,0.7000,0.0000
Nyctalopia (HP:0000662),0.0000,0.3182,0.4545,0.0000,0.2000,0.0000,0.0488,0.0000,0.5263,0.0000,0.0000,0.0000,0.0000,0.7895,0.0000,0.1000,0.0000,0.0000,0.4000,0.0000
Global developmental delay (HP:0001263),0.0000,0.5909,0.0000,0.8333,0.2000,0.8889,0.8049,0.0000,0.1053,0.2143,0.1176,0.4444,0.0000,0.0263,0.2500,0.1000,0.1351,0.2857,0.0000,0.0000
Nystagmus (HP:0000639),0.0000,0.1364,0.3182,0.3333,0.6000,0.0000,0.3659,0.1667,0.7895,0.0000,0.1176,0.1111,0.0000,0.0658,0.2500,0.1500,0.5946,0.1429,0.2000,0.0000
Reduced visual acuity (HP:0007663),0.0000,0.1818,0.6818,0.0000,0.0000,0.0000,0.0732,0.0000,0.5789,0.0000,0.0000,0.0000,0.0000,0.5263,0.3750,0.0000,0.0000,0.0000,0.1000,0.0000
Attenuation of retinal blood vessels (HP:0007843),0.0000,0.2273,0.3636,0.0000,0.0000,0.0000,0.0000,0.0000,0.4737,0.0000,0.0000,0.0000,0.0000,0.6447,0.0000,0.1500,0.0000,0.0000,0.1000,0.0000
Intellectual disability (HP:0001249),0.0000,0.7273,0.0000,0.8333,0.6000,0.4444,0.4634,0.3333,0.2105,0.1429,0.1176,0.3333,0.0000,0.0000,0.2500,0.1000,0.1622,0.0000,0.0000,0.0000
Spicular pigmentation of the retina (HP:0007737),0.0000,0.2727,0.3182,0.0000,0.0000,0.0000,0.0000,0.0000,0.1579,0.0000,0.0000,0.0000,0.0000,0.6447,0.0000,0.0000,0.0000,0.0000,0.1000,0.0000
Optic disc pallor (HP:0000543),0.0000,0.0909,0.2727,0.0000,0.0000,0.0000,0.0976,0.0000,0.5263,0.0000,0.0000,0.0000,0.0000,0.4868,0.0000,0.0000,0.0541,0.0000,0.1000,0.0000
Ataxia (HP:0001251),0.0000,0.0909,0.0000,0.0000,0.0000,0.0000,0.5122,0.0000,0.0000,0.1429,0.0000,0.1111,0.0000,0.0000,0.0000,0.1000,0.5676,0.0000,0.1000,0.0000
Situs inversus totalis (HP:0001696),0.1429,0.1364,0.0000,0.0000,0.0000,0.0000,0.0488,0.0000,0.0000,0.1429,0.1765,0.0000,0.7111,0.0000,0.0000,0.0000,0.0000,0.0000,0.0000,0.6364
Stage 5 chronic kidney disease (HP:0003774),0.7143,0.1818,0.0000,0.0000,0.8000,0.0000,0.1951,0.0000,0.0000,0.1429,0.8235,0.0000,0.0000,0.0000,0.8750,0.2000,0.0000,0.0000,0.0000,0.0000
Molar tooth sign on MRI (HP:0002419),0.0000,0.0000,0.0000,0.0000,0.0000,0.0000,0.8293,0.0000,0.0000,0.3571,0.0000,0.4444,0.0000,0.0000,0.0000,0.2000,0.0000,0.0000,0.0000,0.0000
Constriction of peripheral visual field (HP:0001133),0.0000,0.1364,0.1818,0.0000,0.0000,0.0000,0.0000,0.0000,0.2105,0.0000,0.0000,0.0000,0.0000,0.4605,0.0000,0.0000,0.0000,0.0000,0.1000,0.0000
Visual impairment (HP:0000505),0.0000,0.1818,0.3636,0.0000,0.2000,0.0000,0.0732,0.0000,0.3684,0.0000,0.0000,0.0000,0.0000,0.2368,0.3750,0.0000,0.0000,0.0000,0.2000,0.0000
Postaxial polydactyly (HP:0100259),0.0000,0.4545,0.0455,0.0000,0.2000,0.0000,0.2439,0.0000,0.0000,0.2143,0.0000,0.4444,0.0000,0.0263,0.0000,0.6000,0.0000,0.0000,0.0000,0.0000
Low-set ears (HP:0000369),0.0000,0.0000,0.0000,0.5000,0.6000,0.2222,0.2439,0.0000,0.0000,0.2857,0.0000,0.8889,0.0000,0.0000,0.0000,0.4000,0.0000,0.2857,0.0000,0.1818
Hypotonia (HP:0001252),0.0000,0.0000,0.0000,0.3333,0.0000,0.1111,0.5122,0.0000,0.0526,0.1429,0.0000,0.2222,0.0000,0.0000,0.0000,0.1500,0.1892,0.2857,0.0000,0.0000
Postaxial hand polydactyly (HP:0001162),0.0000,0.3636,0.0000,0.0000,0.2000,0.1111,0.2683,0.0000,0.0000,0.5714,0.0000,0.5556,0.0000,0.0000,0.0000,0.3500,0.0000,0.0000,0.0000,0.0000
Bronchiectasis (HP:0002110),0.0000,0.0000,0.0000,0.0000,0.0000,0.0000,0.0000,0.0000,0.0000,0.0000,0.0000,0.0000,0.9111,0.0000,0.0000,0.0000,0.0000,0.0000,0.0000,0.0000
