model,group,n_features,mean_accuracy_decrease,sd
Random Forest,nervous_system,276,0.19481012658227848,0.032578996751663224
Random Forest,eye,166,0.15113924050632913,0.033166128344864126
Random Forest,skeletal,192,0.07746835443037975,0.013376864453472723
Random Forest,respiratory,61,0.05848101265822784,0.019525676255404904
Random Forest,genitourinary,98,0.04949367088607593,0.018444264283927796
Random Forest,ear,19,0.049113924050632904,0.016319898401530558
Random Forest,limbs,117,0.030886075949367084,0.011137380556323425
Random Forest,head_neck,181,0.030759493670886054,0.016709461307414585
Random Forest,cardiovascular,84,0.020759493670886076,0.010872657153354545
Random Forest,other HPO terms,42,0.01468354430379744,0.005312862199671917
Random Forest,growth,25,0.008354430379746819,0.008287871311595191
Random Forest,immune_system,32,0.0025316455696202445,0.005088799064603587
Random Forest,inheritance,11,0.001265822784810129,0.013994197427659897
Random Forest,endocrine,18,0.0010126582278480979,0.003451391447396073
Random Forest,abdomen,60,0.00037974683544303667,0.0021702102278198065
Random Forest,metabolism,27,0.0,0.0
Random Forest,skin,38,0.0,0.0
XGBoost,eye,166,0.25683544303797473,0.035039578081511015
XGBoost,nervous_system,276,0.2225316455696203,0.03390740555032525
XGBoost,skeletal,192,0.08518987341772156,0.018510834481129314
XGBoost,cardiovascular,84,0.05417721518987346,0.013945537930052342
XGBoost,ear,19,0.049240506329113955,0.020818646408617757
XGBoost,genitourinary,98,0.04291139240506332,0.017710099157188998
XGBoost,respiratory,61,0.03367088607594939,0.017277578235006443
XGBoost,limbs,117,0.024050632911392436,0.008534175474218229
XGBoost,growth,25,0.020379746835443066,0.015776815976542607
XGBoost,head_neck,181,0.013924050632911427,0.011729102302585847
XGBoost,immune_system,32,0.005189873417721541,0.007438833904340061
XGBoost,abdomen,60,0.00506329113924054,0.011378900632291014
XGBoost,inheritance,11,0.002531645569620269,0.008438818565400854
XGBoost,endocrine,18,0.0006329113924050711,0.004542661788387817
XGBoost,metabolism,27,0.0,0.0
XGBoost,skin,38,-0.0018987341772151822,0.004885975912104703
XGBoost,other HPO terms,42,-0.015822784810126573,0.009915815845577748
