feature,importance,label
SYS__limbs,0.01801024600286531,Organ system: limbs
SYS__genitourinary,0.016948002924661244,Organ system: genitourinary
HPO__HP:0000510,0.0168019440614542,Rod-cone dystrophy (HP:0000510)
HPO__HP:0000090,0.01605537291462465,Nephronophthisis (HP:0000090)
INH_AR,0.015027919205823814,Inheritance: AR
SYS__eye,0.01502151510458169,Organ system: eye
HPO__HP:0002110,0.014932364821249818,Bronchiectasis (HP:0002110)
SYS__skeletal,0.014245008796128705,Organ system: skeletal
HPO__HP:0001260,0.013983678031572353,Dysarthria (HP:0001260)
HPO__HP:0002121,0.013952916188769286,Generalized non-motor (absence) seizure (HP:0002121)
SYS__head_neck,0.013893807422746962,Organ system: head neck
HPO__HP:0002085,0.012979450811758983,Occipital encephalocele (HP:0002085)
HPO__HP:0001513,0.012484485848176874,Obesity (HP:0001513)
SYS__growth,0.012372615847727064,Organ system: growth
HPO__HP:0000822,0.012369245572609096,Hypertension (HP:0000822)
HPO__HP:0000548,0.01148706392359654,Cone/cone-rod dystrophy (HP:0000548)
HPO__HP:0000601,0.011035999783756498,Hypotelorism (HP:0000601)
INH_AD,0.010924244381681814,Inheritance: AD
SYS__ear,0.010906130125944947,Organ system: ear
HPO__HP:0002373,0.01083004051974088,Febrile seizure (within the age range of 3 m… (HP:0002373)
HPO__HP:0003774,0.01006041822336054,Stage 5 chronic kidney disease (HP:0003774)
HPO__HP:0001751,0.009292244806097317,Abnormal vestibular function (HP:0001751)
SYS__abdomen,0.008954047697450665,Organ system: abdomen
SYS__respiratory,0.008879695413047476,Organ system: respiratory
HPO__HP:0002657,0.008657265743621481,Spondylometaphyseal dysplasia (HP:0002657)
HPO__HP:0001651,0.008626042129913357,Dextrocardia (HP:0001651)
HPO__HP:0000774,0.008285565980296367,Narrow chest (HP:0000774)
HPO__HP:0001272,0.008157466662297944,Cerebellar atrophy (HP:0001272)
HPO__HP:0002066,0.007883011370458555,Gait ataxia (HP:0002066)
HPO__HP:0001156,0.00766886153059437,Brachydactyly (HP:0001156)
