,precision,recall,f1-score,support
Autosomal Dominant Polycystic Kidney Disease,1.0,1.0,1.0,1.0
Bardet–Biedl Syndrome,1.0,0.8,0.8888888888888888,5.0
Cone-Rod Dystrophy,1.0,0.4,0.5714285714285714,5.0
Cornelia de Lange Syndrome,0.0,0.0,0.0,1.0
Cranioectodermal Dysplasia,0.0,0.0,0.0,1.0
Holoprosencephaly,0.5,0.5,0.5,2.0
Joubert Syndrome,0.5833333333333334,0.875,0.7,8.0
Juvenile Myoclonic Epilepsy,1.0,1.0,1.0,1.0
Leber Congenital Amaurosis,0.75,0.75,0.75,4.0
Meckel–Gruber Syndrome,0.6666666666666666,0.6666666666666666,0.6666666666666666,3.0
Nephronophthisis,1.0,0.6666666666666666,0.8,3.0
Orofaciodigital Syndrome,0.5,0.5,0.5,2.0
Primary Ciliary Dyskinesia,1.0,1.0,1.0,9.0
Retinitis Pigmentosa,0.7,0.9333333333333333,0.8,15.0
Senior-Løken Syndrome,0.5,0.5,0.5,2.0
Short-rib Thoracic Dysplasia,1.0,0.75,0.8571428571428571,4.0
Spinocerebellar Ataxia,1.0,0.875,0.9333333333333333,8.0
Spondylometaphyseal Dysplasia,1.0,1.0,1.0,1.0
Usher Syndrome,1.0,1.0,1.0,2.0
Visceral Heterotaxy,1.0,1.0,1.0,2.0
accuracy,0.7974683544303798,0.7974683544303798,0.7974683544303798,0.7974683544303798
macro avg,0.76,0.7108333333333333,0.723373015873016,79.0
weighted avg,0.8122362869198313,0.7974683544303798,0.7873015873015873,79.0
