feature,label,mean_abs_shap
HPO__HP:0000510,Rod-cone dystrophy (HP:0000510),0.17934646
HPO__HP:0000090,Nephronophthisis (HP:0000090),0.16970813
HPO__HP:0001260,Dysarthria (HP:0001260),0.09920923
HPO__HP:0000232,Everted lower lip vermilion (HP:0000232),0.087578155
HPO__HP:0000294,Low anterior hairline (HP:0000294),0.08514743
SYS__skeletal,Organ system: skeletal,0.08149712
INH_AD,Inheritance: AD,0.08063267
HPO__HP:0002121,Generalized non-motor (absence) seizure (HP:0002121),0.07980512
HPO__HP:0001513,Obesity (HP:0001513),0.07897308
HPO__HP:0001651,Dextrocardia (HP:0001651),0.0789711
HPO__HP:0000548,Cone/cone-rod dystrophy (HP:0000548),0.07803427
HPO__HP:0000601,Hypotelorism (HP:0000601),0.077228986
HPO__HP:0002085,Occipital encephalocele (HP:0002085),0.07629627
SYS__ear,Organ system: ear,0.0754731
SYS__abdomen,Organ system: abdomen,0.07225247
HPO__HP:0000822,Hypertension (HP:0000822),0.06836108
SYS__nervous_system,Organ system: nervous system,0.067539774
HPO__HP:0000639,Nystagmus (HP:0000639),0.06683243
HPO__HP:0007663,Reduced visual acuity (HP:0007663),0.06445142
HPO__HP:0002657,Spondylometaphyseal dysplasia (HP:0002657),0.06438904
HPO__HP:0007737,Spicular pigmentation of the retina (HP:0007737),0.06278107
HPO__HP:0002110,Bronchiectasis (HP:0002110),0.06265458
SYS__eye,Organ system: eye,0.058140032
SYS__cardiovascular,Organ system: cardiovascular,0.05760326
SYS__genitourinary,Organ system: genitourinary,0.05724439
HPO__HP:0000662,Nyctalopia (HP:0000662),0.055788603
HPO__HP:0000369,Low-set ears (HP:0000369),0.054939043
HPO__HP:0002419,Molar tooth sign on MRI (HP:0002419),0.053305335
HPO__HP:0000774,Narrow chest (HP:0000774),0.049749617
HPO__HP:0000180,Lobulated tongue (HP:0000180),0.047394495
HPO__HP:0001263,Global developmental delay (HP:0001263),0.044003494
INH_AR,Inheritance: AR,0.043518215
HPO__HP:0000613,Photophobia (HP:0000613),0.04332714
HPO__HP:0001696,Situs inversus totalis (HP:0001696),0.042539183
SYS__limbs,Organ system: limbs,0.04183026
HPO__HP:0001249,Intellectual disability (HP:0001249),0.040953893
SYS__respiratory,Organ system: respiratory,0.039780643
SYS__head_neck,Organ system: head neck,0.03918735
HPO__HP:0004322,Short stature (HP:0004322),0.038360942
HPO__HP:0003774,Stage 5 chronic kidney disease (HP:0003774),0.03753289
SYS__growth,Organ system: growth,0.036740113
HPO__HP:0000543,Optic disc pallor (HP:0000543),0.036333088
HPO__HP:0001156,Brachydactyly (HP:0001156),0.03330111
HPO__HP:0003026,Short long bone (HP:0003026),0.03287875
HPO__HP:0000773,Short ribs (HP:0000773),0.03230465
HPO__HP:0000083,Renal insufficiency (HP:0000083),0.031868964
HPO__HP:0000505,Visual impairment (HP:0000505),0.029926699
HPO__HP:0001133,Constriction of peripheral visual field (HP:0001133),0.029819334
HPO__HP:0007843,Attenuation of retinal blood vessels (HP:0007843),0.027556349
HPO__HP:0001562,Oligohydramnios (HP:0001562),0.026905138
HPO__HP:0000135,Hypogonadism (HP:0000135),0.0267471
HPO__HP:0000968,Ectodermal dysplasia (HP:0000968),0.025094261
HPO__HP:0001903,Anemia (HP:0001903),0.024813036
HPO__HP:0001321,Cerebellar hypoplasia (HP:0001321),0.024192724
HPO__HP:0000556,Retinal dystrophy (HP:0000556),0.023840189
HPO__HP:0000252,Microcephaly (HP:0000252),0.023578655
HPO__HP:0000551,Color vision defect (HP:0000551),0.022035243
HPO__HP:0000926,Platyspondyly (HP:0000926),0.021998983
HPO__HP:0001256,Mild intellectual disability (HP:0001256),0.019551272
HPO__HP:0001830,Postaxial foot polydactyly (HP:0001830),0.019403337
HPO__HP:0000546,Retinal degeneration (HP:0000546),0.019313442
HPO__HP:0001252,Hypotonia (HP:0001252),0.01927406
HPO__HP:0001751,Abnormal vestibular function (HP:0001751),0.019133223
HPO__HP:0001407,Hepatic cysts (HP:0001407),0.019127958
SYS__immune_system,Organ system: immune system,0.018889606
HPO__HP:0000657,Oculomotor apraxia (HP:0000657),0.017675925
HPO__HP:0000113,Polycystic kidney dysplasia (HP:0000113),0.017570835
HPO__HP:0001272,Cerebellar atrophy (HP:0001272),0.015770238
HPO__HP:0001320,Cerebellar vermis hypoplasia (HP:0001320),0.014621409
HPO__HP:0002373,Febrile seizure (within the age range of 3 m… (HP:0002373),0.014554546
HPO__HP:0000347,Micrognathia (HP:0000347),0.012927935
HPO__HP:0001748,Polysplenia (HP:0001748),0.012792733
SYS__endocrine,Organ system: endocrine,0.0125009995
HPO__HP:0003363,Abdominal situs inversus (HP:0003363),0.012321497
HPO__HP:0100259,Postaxial polydactyly (HP:0100259),0.011836241
HPO__HP:0000527,Long eyelashes (HP:0000527),0.0117275175
HPO__HP:0000092,Renal tubular atrophy (HP:0000092),0.011645866
HPO__HP:0012265,Ciliary dyskinesia (HP:0012265),0.0107447095
HPO__HP:0002194,Delayed gross motor development (HP:0002194),0.010040891
HPO__HP:0002119,Ventriculomegaly (HP:0002119),0.009881348
HPO__HP:0002566,Intestinal malrotation (HP:0002566),0.009326267
HPO__HP:0002645,Wormian bones (HP:0002645),0.009223532
HPO__HP:0000563,Keratoconus (HP:0000563),0.008911449
HPO__HP:0000580,Pigmentary retinopathy (HP:0000580),0.008610173
SYS__metabolism,Organ system: metabolism,0.008511372
HPO__HP:0000407,Sensorineural hearing impairment (HP:0000407),0.008407783
HPO__HP:0006644,Thoracic dysplasia (HP:0006644),0.008242155
HPO__HP:0000603,Central scotoma (HP:0000603),0.007997475
HPO__HP:0000750,Delayed speech and language development (HP:0000750),0.0077759647
HPO__HP:0000431,Wide nasal bridge (HP:0000431),0.007511543
HPO__HP:0002507,Semilobar holoprosencephaly (HP:0002507),0.0074083135
HPO__HP:0000103,Polyuria (HP:0000103),0.007161612
HPO__HP:0008905,Rhizomelia (HP:0008905),0.007126672
HPO__HP:0000550,Undetectable electroretinogram (HP:0000550),0.007115974
HPO__HP:0020132,Thickening of the tubular basement membrane (HP:0020132),0.0070995106
SYS__skin,Organ system: skin,0.0064322096
HPO__HP:0007722,Retinal pigment epithelial atrophy (HP:0007722),0.0061984095
HPO__HP:0100258,Preaxial polydactyly (HP:0100258),0.005998217
HPO__HP:0001360,Holoprosencephaly (HP:0001360),0.0059887352
HPO__HP:0011802,Hamartoma of tongue (HP:0011802),0.005934752
HPO__HP:0000365,Hearing impairment (HP:0000365),0.0058003967
HPO__HP:0033036,Decreased nasal nitric oxide (HP:0033036),0.0057313633
HPO__HP:0000888,Horizontal ribs (HP:0000888),0.0056196107
HPO__HP:0000582,Upslanted palpebral fissure (HP:0000582),0.00543308
HPO__HP:0001162,Postaxial hand polydactyly (HP:0001162),0.005363747
HPO__HP:0000533,Chorioretinal atrophy (HP:0000533),0.005167881
HPO__HP:0000895,Lateral clavicle hook (HP:0000895),0.004960006
HPO__HP:0010442,Polydactyly (HP:0010442),0.004871187
HPO__HP:0002247,Duodenal atresia (HP:0002247),0.004197801
HPO__HP:0002750,Delayed skeletal maturation (HP:0002750),0.004175798
HPO__HP:0000518,Cataract (HP:0000518),0.0041301595
HPO__HP:0000403,Recurrent otitis media (HP:0000403),0.004094839
HPO__HP:0000316,Hypertelorism (HP:0000316),0.0039292164
HPO__HP:0000668,Hypodontia (HP:0000668),0.003863392
HPO__HP:0000175,Cleft palate (HP:0000175),0.0038251
HPO__HP:0005280,Depressed nasal bridge (HP:0005280),0.0035656025
HPO__HP:0002070,Limb ataxia (HP:0002070),0.0035172685
HPO__HP:0008070,Sparse hair (HP:0008070),0.0034701433
HPO__HP:0000191,Accessory oral frenulum (HP:0000191),0.0033936724
HPO__HP:0001408,Bile duct proliferation (HP:0001408),0.0033260917
HPO__HP:0001251,Ataxia (HP:0001251),0.003182629
HPO__HP:0002123,Generalized myoclonic seizure (HP:0002123),0.003025433
HPO__HP:0010044,Short 4th metacarpal (HP:0010044),0.0030049002
HPO__HP:0002069,Bilateral tonic-clonic seizure (HP:0002069),0.0029664363
HPO__HP:0000512,Abnormal electroretinogram (HP:0000512),0.0028840308
HPO__HP:0001959,Polydipsia (HP:0001959),0.0028076274
HPO__HP:0000161,Median cleft upper lip (HP:0000161),0.0026007511
HPO__HP:0000965,Cutis marmorata (HP:0000965),0.0025769847
HPO__HP:0001250,Seizure (HP:0001250),0.002566506
HPO__HP:0011109,Chronic sinusitis (HP:0011109),0.002552435
HPO__HP:0003241,External genital hypoplasia (HP:0003241),0.0025504772
HPO__HP:0000286,Epicanthus (HP:0000286),0.00246251
HPO__HP:0001274,Agenesis of corpus callosum (HP:0001274),0.0024011442
HPO__HP:0000488,Retinopathy (HP:0000488),0.0023335991
HPO__HP:0005257,Thoracic hypoplasia (HP:0005257),0.0022923585
HPO__HP:0000089,Renal hypoplasia (HP:0000089),0.0022540803
HPO__HP:0000193,Bifid uvula (HP:0000193),0.0022373782
HPO__HP:0000248,Brachycephaly (HP:0000248),0.002215433
HPO__HP:0002007,Frontal bossing (HP:0002007),0.0021546553
HPO__HP:0001290,Generalized hypotonia (HP:0001290),0.002131058
HPO__HP:0001382,Joint hypermobility (HP:0001382),0.0020842461
HPO__HP:0003251,Male infertility (HP:0003251),0.0020529628
HPO__HP:0001852,Sandal gap (HP:0001852),0.0020279915
HPO__HP:0000107,Renal cyst (HP:0000107),0.0019890077
HPO__HP:0002078,Truncal ataxia (HP:0002078),0.0018738457
HPO__HP:0410030,Cleft lip (HP:0410030),0.0018572749
HPO__HP:0002089,Pulmonary hypoplasia (HP:0002089),0.0018354912
HPO__HP:0030084,Clinodactyly (HP:0030084),0.0018217469
HPO__HP:0000054,Micropenis (HP:0000054),0.0018077118
HPO__HP:0002983,Micromelia (HP:0002983),0.001804095
HPO__HP:0004719,Hyperechogenic kidneys (HP:0004719),0.0017110829
HPO__HP:0004469,Chronic bronchitis (HP:0004469),0.0016489066
HPO__HP:0001396,Cholestasis (HP:0001396),0.0016389904
HPO__HP:0004727,Impaired renal concentrating ability (HP:0004727),0.0016168081
HPO__HP:0000238,Hydrocephalus (HP:0000238),0.0016133093
HPO__HP:0001371,Flexion contracture (HP:0001371),0.0015841365
HPO__HP:0000348,High forehead (HP:0000348),0.0015415448
HPO__HP:0000588,Optic disc coloboma (HP:0000588),0.0015220401
HPO__HP:0000572,Visual loss (HP:0000572),0.0015135723
HPO__HP:0000664,Synophrys (HP:0000664),0.0014566686
HPO__HP:0012020,Right aortic arch (HP:0012020),0.0013201678
HPO__HP:0001305,Dandy-Walker malformation (HP:0001305),0.0013037355
HPO__HP:0001799,Short nail (HP:0001799),0.0012923054
HPO__HP:0000767,Pectus excavatum (HP:0000767),0.0012414217
HPO__HP:0001773,Short foot (HP:0001773),0.0012384945
HPO__HP:0001746,Asplenia (HP:0001746),0.0012352419
HPO__HP:0000608,Macular degeneration (HP:0000608),0.0011800256
HPO__HP:0009882,Short distal phalanx of finger (HP:0009882),0.0011530067
HPO__HP:0000470,Short neck (HP:0000470),0.0011427386
HPO__HP:0000508,Ptosis (HP:0000508),0.0011203524
HPO__HP:0000003,Multicystic kidney dysplasia (HP:0000003),0.0010863628
HPO__HP:0002553,Highly arched eyebrow (HP:0002553),0.0010791647
HPO__HP:0008872,Feeding difficulties in infancy (HP:0008872),0.0010687823
HPO__HP:0008527,Congenital sensorineural hearing impairment (HP:0008527),0.001049155
HPO__HP:0001762,Talipes equinovarus (HP:0001762),0.0010347981
HPO__HP:0000426,Prominent nasal bridge (HP:0000426),0.001030322
HPO__HP:0000646,Amblyopia (HP:0000646),0.000977996
HPO__HP:0001631,Atrial septal defect (HP:0001631),0.0009774045
HPO__HP:0002515,Waddling gait (HP:0002515),0.0009751447
HPO__HP:0002172,Postural instability (HP:0002172),0.0009750779
HPO__HP:0011968,Feeding difficulties (HP:0011968),0.0009720899
HPO__HP:0005576,Tubulointerstitial fibrosis (HP:0005576),0.0009502641
HPO__HP:0000023,Inguinal hernia (HP:0000023),0.00093496474
HPO__HP:0000262,Turricephaly (HP:0000262),0.0009245069
HPO__HP:0001511,Intrauterine growth retardation (HP:0001511),0.00090203783
HPO__HP:0001643,Patent ductus arteriosus (HP:0001643),0.0008585038
HPO__HP:0001270,Motor delay (HP:0001270),0.0008539804
HPO__HP:0003429,CNS hypomyelination (HP:0003429),0.0008263298
HPO__HP:0001561,Polyhydramnios (HP:0001561),0.0008054256
HPO__HP:0000204,Cleft upper lip (HP:0000204),0.00079357595
HPO__HP:0000506,Telecanthus (HP:0000506),0.0007694011
HPO__HP:0007401,Macular atrophy (HP:0007401),0.0007305608
HPO__HP:0011504,Bull's eye maculopathy (HP:0011504),0.00071976555
HPO__HP:0000020,Urinary incontinence (HP:0000020),0.00068784127
HPO__HP:0000568,Microphthalmia (HP:0000568),0.0006543077
HPO__HP:0003025,Metaphyseal irregularity (HP:0003025),0.0006485653
HPO__HP:0000768,Pectus carinatum (HP:0000768),0.0006443527
HPO__HP:0001629,Ventricular septal defect (HP:0001629),0.00062954647
HPO__HP:0000389,Chronic otitis media (HP:0000389),0.00060261856
HPO__HP:0002323,Anencephaly (HP:0002323),0.00057674525
HPO__HP:0002617,Vascular dilatation (HP:0002617),0.0005742835
HPO__HP:0003259,Elevated circulating creatinine concentration (HP:0003259),0.00057347707
HPO__HP:0000322,Short philtrum (HP:0000322),0.0005666108
HPO__HP:0008802,Hypoplasia of the femoral head (HP:0008802),0.00055496
HPO__HP:0002980,Femoral bowing (HP:0002980),0.0005540512
HPO__HP:0002240,Hepatomegaly (HP:0002240),0.00055341044
HPO__HP:0000325,Triangular face (HP:0000325),0.00052596885
HPO__HP:0000618,Blindness (HP:0000618),0.00049641385
HPO__HP:0010297,Bifid tongue (HP:0010297),0.00049191253
HPO__HP:0008936,Axial hypotonia (HP:0008936),0.00048842985
HPO__HP:0001395,Hepatic fibrosis (HP:0001395),0.00046108343
HPO__HP:0002092,Pulmonary arterial hypertension (HP:0002092),0.00045207088
HPO__HP:0002079,Hypoplasia of the corpus callosum (HP:0002079),0.00042220458
HPO__HP:0000278,Retrognathia (HP:0000278),0.00041394652
HPO__HP:0000126,Hydronephrosis (HP:0000126),0.0004095452
HPO__HP:0002812,Coxa vara (HP:0002812),0.000408383
HPO__HP:0004383,Hypoplastic left ventricle (HP:0004383),0.00040655097
HPO__HP:0000085,Horseshoe kidney (HP:0000085),0.0004043925
HPO__HP:0000303,Mandibular prognathia (HP:0000303),0.00040133038
HPO__HP:0001545,Anteriorly placed anus (HP:0001545),0.00038323528
HPO__HP:0000028,Cryptorchidism (HP:0000028),0.00037997216
HPO__HP:0002705,"High, narrow palate (HP:0002705)",0.0003661487
HPO__HP:0000654,Decreased light- and dark-adapted electroret… (HP:0000654),0.00036401825
HPO__HP:0004734,Renal cortical microcysts (HP:0004734),0.00035577384
HPO__HP:0000486,Strabismus (HP:0000486),0.00034814724
HPO__HP:0000545,Myopia (HP:0000545),0.00032986858
HPO__HP:0006695,Atrioventricular canal defect (HP:0006695),0.00032453277
HPO__HP:0001483,Eye poking (HP:0001483),0.00032156036
HPO__HP:0000739,Anxiety (HP:0000739),0.00032018844
HPO__HP:0002650,Scoliosis (HP:0002650),0.0003165613
HPO__HP:0000358,Posteriorly rotated ears (HP:0000358),0.00031368266
HPO__HP:0004325,Decreased body weight (HP:0004325),0.00030510937
HPO__HP:0000448,Prominent nose (HP:0000448),0.00029670156
HPO__HP:0005487,Prominent metopic ridge (HP:0005487),0.00027995007
HPO__HP:0001636,Tetralogy of Fallot (HP:0001636),0.00024936354
HPO__HP:0000463,Anteverted nares (HP:0000463),0.00024176112
HPO__HP:0000219,Thin upper lip vermilion (HP:0000219),0.00023235544
HPO__HP:0010055,Broad hallux (HP:0010055),0.00022804245
HPO__HP:0001336,Myoclonus (HP:0001336),0.00022478128
HPO__HP:0010296,Ankyloglossia (HP:0010296),0.00021372433
HPO__HP:0001970,Tubulointerstitial nephritis (HP:0001970),0.00018720978
HPO__HP:0011577,Partial atrioventricular canal defect (HP:0011577),0.00018025041
HPO__HP:0002066,Gait ataxia (HP:0002066),0.00017886408
HPO__HP:0007787,Posterior subcapsular cataract (HP:0007787),0.00017827563
HPO__HP:0001344,Absent speech (HP:0001344),0.00015988824
HPO__HP:0000343,Long philtrum (HP:0000343),0.00015272148
HPO__HP:0005562,Multiple renal cysts (HP:0005562),0.00015085575
HPO__HP:0004935,Pulmonary artery atresia (HP:0004935),0.00013076524
HPO__HP:0010230,Cone-shaped epiphyses of the phalanges of th… (HP:0010230),0.00013071041
HPO__HP:0030825,Absent foveal reflex (HP:0030825),0.00012496332
HPO__HP:0000695,Natal tooth (HP:0000695),5.5240384e-05
HPO__HP:0001520,Large for gestational age (HP:0001520),0.0
HPO__HP:0033257,Delayed ability to walk with support (HP:0033257),0.0
HPO__HP:0001518,Small for gestational age (HP:0001518),0.0
HPO__HP:0001510,Growth delay (HP:0001510),0.0
HPO__HP:0001508,Failure to thrive (HP:0001508),0.0
HPO__HP:0033379,Bilateral superior vena cava (HP:0033379),0.0
HPO__HP:0033454,Tube feeding (HP:0033454),0.0
HPO__HP:0033601,Glomerular subepithelial immune-complex depo… (HP:0033601),0.0
HPO__HP:0001433,Hepatosplenomegaly (HP:0001433),0.0
HPO__HP:0033683,Jaw hyperreflexia (HP:0033683),0.0
HPO__HP:0001409,Portal hypertension (HP:0001409),0.0
HPO__HP:0001399,Hepatic failure (HP:0001399),0.0
HPO__HP:0001397,Hepatic steatosis (HP:0001397),0.0
HPO__HP:0034011,Reduced progressive sperm motility (HP:0034011),0.0
HPO__HP:0034044,Trident pelvis (HP:0034044),0.0
HPO__HP:0034188,Midline liver (HP:0034188),0.0
HPO__HP:0001387,Joint stiffness (HP:0001387),0.0
HPO__HP:0001385,Hip dysplasia (HP:0001385),0.0
HPO__HP:0001377,Limited elbow extension (HP:0001377),0.0
HPO__HP:0001374,Congenital hip dislocation (HP:0001374),0.0
HPO__HP:0034217,Sonographic non-visualized fetal bladder (HP:0034217),0.0
HPO__HP:0033725,Thin corpus callosum (HP:0033725),0.0
HPO__HP:0032341,Reduced forced vital capacity (HP:0032341),0.0
HPO__HP:0001640,Cardiomegaly (HP:0001640),0.0
HPO__HP:0032464,Ureteral hypoplasia (HP:0032464),0.0
HPO__HP:0001639,Hypertrophic cardiomyopathy (HP:0001639),0.0
HPO__HP:0032466,Aplasia of the olfactory bulb (HP:0032466),0.0
HPO__HP:0032612,Triphalangeal hallux (HP:0032612),0.0
HPO__HP:0001634,Mitral valve prolapse (HP:0001634),0.0
HPO__HP:0032948,Renal interstitial fibrosis (HP:0032948),0.0
HPO__HP:0032988,Persistent head lag (HP:0032988),0.0
HPO__HP:0001627,Abnormal heart morphology (HP:0001627),0.0
HPO__HP:0001623,Breech presentation (HP:0001623),0.0
HPO__HP:0001537,Umbilical hernia (HP:0001537),0.0
HPO__HP:0001600,Abnormality of the larynx (HP:0001600),0.0
HPO__HP:0001591,Bell-shaped thorax (HP:0001591),0.0
HPO__HP:0033128,Delayed ability to crawl (HP:0033128),0.0
HPO__HP:0001583,Rotary nystagmus (HP:0001583),0.0
HPO__HP:0001557,Prenatal movement abnormality (HP:0001557),0.0
HPO__HP:0033149,Intrahepatic bile duct dilatation (HP:0033149),0.0
HPO__HP:0033158,Reduced respiratory ciliary beating frequency (HP:0033158),0.0
HPO__HP:0033183,Bilobed right lung (HP:0033183),0.0
HPO__HP:0001541,Ascites (HP:0001541),0.0
HPO__HP:0001539,Omphalocele (HP:0001539),0.0
HPO__HP:0001538,Protuberant abdomen (HP:0001538),0.0
HPO__HP:0001622,Premature birth (HP:0001622),0.0
HPO__HP:0001153,Septate vagina (HP:0001153),0.0
HPO__HP:0001317,Abnormal cerebellum morphology (HP:0001317),0.0
HPO__HP:0001159,Syndactyly (HP:0001159),0.0
HPO__HP:0001315,Diminished deep tendon reflex (HP:0001315),0.0
HPO__HP:0001169,Broad palm (HP:0001169),0.0
HPO__HP:0001310,Dysmetria (HP:0001310),0.0
HPO__HP:0001308,Tongue fasciculations (HP:0001308),0.0
HPO__HP:0001177,Preaxial hand polydactyly (HP:0001177),0.0
HPO__HP:0001302,Pachygyria (HP:0001302),0.0
HPO__HP:0001300,Parkinsonism (HP:0001300),0.0
HPO__HP:0001182,Tapered finger (HP:0001182),0.0
HPO__HP:0034272,Perifoveal hypoautofluorescence (HP:0034272),0.0
HPO__HP:0001195,Single umbilical artery (HP:0001195),0.0
HPO__HP:0001288,Gait disturbance (HP:0001288),0.0
HPO__HP:0001284,Areflexia (HP:0001284),0.0
HPO__HP:0001283,Bulbar palsy (HP:0001283),0.0
HPO__HP:0001276,Hypertonia (HP:0001276),0.0
HPO__HP:0001273,Abnormal corpus callosum morphology (HP:0001273),0.0
HPO__HP:0001230,Broad metacarpals (HP:0001230),0.0
HPO__HP:0001257,Spasticity (HP:0001257),0.0
HPO__HP:0001271,Polyneuropathy (HP:0001271),0.0
HPO__HP:0001268,Mental deterioration (HP:0001268),0.0
HPO__HP:0001265,Hyporeflexia (HP:0001265),0.0
HPO__HP:0001289,Confusion (HP:0001289),0.0
HPO__HP:0001363,Craniosynostosis (HP:0001363),0.0
HPO__HP:0001357,Plagiocephaly (HP:0001357),0.0
HPO__HP:0034281,Phalangeal cone-shaped epiphyses (HP:0034281),0.0
HPO__HP:0001350,Slurred speech (HP:0001350),0.0
HPO__HP:0034302,Megalopapilla (HP:0034302),0.0
HPO__HP:0034374,Trident acetabulum (HP:0034374),0.0
HPO__HP:0001348,Brisk reflexes (HP:0001348),0.0
HPO__HP:0034435,Abnormal eye contact (HP:0034435),0.0
HPO__HP:0001347,Hyperreflexia (HP:0001347),0.0
HPO__HP:0040022,Clinodactyly of the 2nd finger (HP:0040022),0.0
HPO__HP:0040049,Macular edema (HP:0040049),0.0
HPO__HP:0001319,Neonatal hypotonia (HP:0001319),0.0
HPO__HP:0001105,Retinal atrophy (HP:0001105),0.0
HPO__HP:0001341,Olfactory lobe agenesis (HP:0001341),0.0
HPO__HP:0001116,Macular pseudocoloboma (HP:0001116),0.0
HPO__HP:0001123,Visual field defect (HP:0001123),0.0
HPO__HP:0001338,Partial agenesis of the corpus callosum (HP:0001338),0.0
HPO__HP:0001337,Tremor (HP:0001337),0.0
HPO__HP:0001141,Severely reduced visual acuity (HP:0001141),0.0
HPO__HP:0001332,Dystonia (HP:0001332),0.0
HPO__HP:0001151,Impaired horizontal smooth pursuit (HP:0001151),0.0
HPO__HP:0001152,Saccadic smooth pursuit interruptions (HP:0001152),0.0
HPO__HP:0001328,Specific learning disability (HP:0001328),0.0
HPO__HP:0001324,Muscle weakness (HP:0001324),0.0
HPO__HP:0001099,Atrophic fundus lesion (HP:0001099),0.0
HPO__HP:0002186,Apraxia (HP:0002186),0.0
HPO__HP:0002179,Opisthotonus (HP:0002179),0.0
HPO__HP:0002174,Postural tremor (HP:0002174),0.0
HPO__HP:0002171,Gliosis (HP:0002171),0.0
HPO__HP:0002170,Intracranial hemorrhage (HP:0002170),0.0
HPO__HP:0002169,Clonus (HP:0002169),0.0
HPO__HP:0002168,Scanning speech (HP:0002168),0.0
HPO__HP:0002167,Abnormal speech pattern (HP:0002167),0.0
HPO__HP:0002166,Impaired vibration sensation in the lower li… (HP:0002166),0.0
HPO__HP:0002164,Nail dysplasia (HP:0002164),0.0
HPO__HP:0002162,Low posterior hairline (HP:0002162),0.0
HPO__HP:0002141,Gait imbalance (HP:0002141),0.0
HPO__HP:0002139,Arrhinencephaly (HP:0002139),0.0
HPO__HP:0032342,Reduced forced expiratory volume in one seco… (HP:0032342),0.0
HPO__HP:0002133,Status epilepticus (HP:0002133),0.0
HPO__HP:0002132,Porencephalic cyst (HP:0002132),0.0
HPO__HP:0002126,Polymicrogyria (HP:0002126),0.0
HPO__HP:0002120,Cerebral cortical atrophy (HP:0002120),0.0
HPO__HP:0002104,Apnea (HP:0002104),0.0
HPO__HP:0002099,Asthma (HP:0002099),0.0
HPO__HP:0002098,Respiratory distress (HP:0002098),0.0
HPO__HP:0002094,Dyspnea (HP:0002094),0.0
HPO__HP:0002093,Respiratory insufficiency (HP:0002093),0.0
HPO__HP:0002091,Restrictive ventilatory defect (HP:0002091),0.0
HPO__HP:0002090,Pneumonia (HP:0002090),0.0
HPO__HP:0002084,Encephalocele (HP:0002084),0.0
HPO__HP:0002083,Migraine without aura (HP:0002083),0.0
HPO__HP:0002080,Intention tremor (HP:0002080),0.0
HPO__HP:0002136,Broad-based gait (HP:0002136),0.0
HPO__HP:0011599,Mesocardia (HP:0011599),0.0
HPO__HP:0002335,Agenesis of cerebellar vermis (HP:0002335),0.0
HPO__HP:0002321,Vertigo (HP:0002321),0.0
HPO__HP:0002317,Unsteady gait (HP:0002317),0.0
HPO__HP:0002313,Spastic paraparesis (HP:0002313),0.0
HPO__HP:0002311,Incoordination (HP:0002311),0.0
HPO__HP:0002310,Orofacial dyskinesia (HP:0002310),0.0
HPO__HP:0002308,Chiari malformation (HP:0002308),0.0
HPO__HP:0002307,Drooling (HP:0002307),0.0
HPO__HP:0002304,Akinesia (HP:0002304),0.0
HPO__HP:0002300,Mutism (HP:0002300),0.0
HPO__HP:0002286,Fair hair (HP:0002286),0.0
HPO__HP:0002282,Gray matter heterotopia (HP:0002282),0.0
HPO__HP:0002187,Profound intellectual disability (HP:0002187),0.0
HPO__HP:0002263,Exaggerated cupid's bow (HP:0002263),0.0
HPO__HP:0002257,Chronic rhinitis (HP:0002257),0.0
HPO__HP:0002251,Aganglionic megacolon (HP:0002251),0.0
HPO__HP:0002236,Frontal upsweep of hair (HP:0002236),0.0
HPO__HP:0002230,Generalized hirsutism (HP:0002230),0.0
HPO__HP:0002217,Slow-growing hair (HP:0002217),0.0
HPO__HP:0002213,Fine hair (HP:0002213),0.0
HPO__HP:0002209,Sparse scalp hair (HP:0002209),0.0
HPO__HP:0002205,Recurrent respiratory infections (HP:0002205),0.0
HPO__HP:0002198,Dilated fourth ventricle (HP:0002198),0.0
HPO__HP:0002197,Generalized-onset seizure (HP:0002197),0.0
HPO__HP:0002195,Dysgenesis of the cerebellar vermis (HP:0002195),0.0
HPO__HP:0002190,Choroid plexus cyst (HP:0002190),0.0
HPO__HP:0002188,Delayed CNS myelination (HP:0002188),0.0
HPO__HP:0002280,Enlarged cisterna magna (HP:0002280),0.0
HPO__HP:0001769,Broad foot (HP:0001769),0.0
HPO__HP:0001765,Hammertoe (HP:0001765),0.0
HPO__HP:0001761,Pes cavus (HP:0001761),0.0
HPO__HP:0001760,Abnormal foot morphology (HP:0001760),0.0
HPO__HP:0001750,Single ventricle (HP:0001750),0.0
HPO__HP:0001747,Accessory spleen (HP:0001747),0.0
HPO__HP:0001744,Splenomegaly (HP:0001744),0.0
HPO__HP:0001742,Nasal congestion (HP:0001742),0.0
HPO__HP:0001737,Pancreatic cysts (HP:0001737),0.0
HPO__HP:0001733,Pancreatitis (HP:0001733),0.0
HPO__HP:0001719,Double outlet right ventricle (HP:0001719),0.0
HPO__HP:0001718,Mitral stenosis (HP:0001718),0.0
HPO__HP:0001712,Left ventricular hypertrophy (HP:0001712),0.0
HPO__HP:0002075,Dysdiadochokinesis (HP:0002075),0.0
HPO__HP:0001698,Pericardial effusion (HP:0001698),0.0
HPO__HP:0001682,Subvalvular aortic stenosis (HP:0001682),0.0
HPO__HP:0001680,Coarctation of aorta (HP:0001680),0.0
HPO__HP:0001674,Complete atrioventricular canal defect (HP:0001674),0.0
HPO__HP:0001671,Abnormal cardiac septum morphology (HP:0001671),0.0
HPO__HP:0001669,Transposition of the great arteries (HP:0001669),0.0
HPO__HP:0001667,Right ventricular hypertrophy (HP:0001667),0.0
HPO__HP:0001655,Patent foramen ovale (HP:0001655),0.0
HPO__HP:0001650,Aortic valve stenosis (HP:0001650),0.0
HPO__HP:0001647,Bicuspid aortic valve (HP:0001647),0.0
HPO__HP:0001646,Abnormal aortic valve morphology (HP:0001646),0.0
HPO__HP:0001644,Dilated cardiomyopathy (HP:0001644),0.0
HPO__HP:0001642,Pulmonic stenosis (HP:0001642),0.0
HPO__HP:0001641,Abnormal pulmonary valve morphology (HP:0001641),0.0
HPO__HP:0001702,Abnormal tricuspid valve morphology (HP:0001702),0.0
HPO__HP:0002073,Progressive cerebellar ataxia (HP:0002073),0.0
HPO__HP:0002072,Chorea (HP:0002072),0.0
HPO__HP:0002071,Abnormality of extrapyramidal motor function (HP:0002071),0.0
HPO__HP:0002067,Bradykinesia (HP:0002067),0.0
HPO__HP:0002064,Spastic gait (HP:0002064),0.0
HPO__HP:0002063,Rigidity (HP:0002063),0.0
HPO__HP:0002062,Abnormal pyramidal tract morphology (HP:0002062),0.0
HPO__HP:0002059,Cerebral atrophy (HP:0002059),0.0
HPO__HP:0002023,Anal atresia (HP:0002023),0.0
HPO__HP:0002021,Pyloric stenosis (HP:0002021),0.0
HPO__HP:0002020,Gastroesophageal reflux (HP:0002020),0.0
HPO__HP:0002017,Nausea and vomiting (HP:0002017),0.0
HPO__HP:0002015,Dysphagia (HP:0002015),0.0
HPO__HP:0002002,Deep philtrum (HP:0002002),0.0
HPO__HP:0001770,Toe syndactyly (HP:0001770),0.0
HPO__HP:0001956,Truncal obesity (HP:0001956),0.0
HPO__HP:0001954,Recurrent fever (HP:0001954),0.0
HPO__HP:0001952,Glucose intolerance (HP:0001952),0.0
HPO__HP:0001919,Acute kidney injury (HP:0001919),0.0
HPO__HP:0001883,Talipes (HP:0001883),0.0
HPO__HP:0001841,Preaxial foot polydactyly (HP:0001841),0.0
HPO__HP:0001838,Rocker bottom foot (HP:0001838),0.0
HPO__HP:0001837,Broad toe (HP:0001837),0.0
HPO__HP:0001831,Short toe (HP:0001831),0.0
HPO__HP:0001829,Foot polydactyly (HP:0001829),0.0
HPO__HP:0001816,Thin nail (HP:0001816),0.0
HPO__HP:0001800,Hypoplastic toenails (HP:0001800),0.0
HPO__HP:0001789,Hydrops fetalis (HP:0001789),0.0
HPO__HP:0001776,Bilateral talipes equinovarus (HP:0001776),0.0
HPO__HP:0001999,Abnormal facial shape (HP:0001999),0.0
HPO__HP:0000467,Neck muscle weakness (HP:0000467),0.0
HPO__HP:0000465,Webbed neck (HP:0000465),0.0
HPO__HP:0000458,Anosmia (HP:0000458),0.0
HPO__HP:0000457,Depressed nasal ridge (HP:0000457),0.0
HPO__HP:0000455,Broad nasal tip (HP:0000455),0.0
HPO__HP:0000453,Choanal atresia (HP:0000453),0.0
HPO__HP:0000445,Wide nose (HP:0000445),0.0
HPO__HP:0000437,Depressed nasal tip (HP:0000437),0.0
HPO__HP:0000414,Bulbous nose (HP:0000414),0.0
HPO__HP:0000413,Atresia of the external auditory canal (HP:0000413),0.0
HPO__HP:0000411,Protruding ear (HP:0000411),0.0
HPO__HP:0000405,Conductive hearing impairment (HP:0000405),0.0
HPO__HP:0000400,Macrotia (HP:0000400),0.0
HPO__HP:0000388,Otitis media (HP:0000388),0.0
HPO__HP:0012592,Albuminuria (HP:0012592),0.0
HPO__HP:0000377,Abnormal pinna morphology (HP:0000377),0.0
HPO__HP:0000360,Tinnitus (HP:0000360),0.0
HPO__HP:0000341,Narrow forehead (HP:0000341),0.0
HPO__HP:0000340,Sloping forehead (HP:0000340),0.0
HPO__HP:0000337,Broad forehead (HP:0000337),0.0
HPO__HP:0000324,Facial asymmetry (HP:0000324),0.0
HPO__HP:0000319,Smooth philtrum (HP:0000319),0.0
HPO__HP:0000317,Facial myokymia (HP:0000317),0.0
HPO__HP:0000311,Round face (HP:0000311),0.0
HPO__HP:0000308,Microretrognathia (HP:0000308),0.0
HPO__HP:0000293,Full cheeks (HP:0000293),0.0
HPO__HP:0000280,Coarse facial features (HP:0000280),0.0
HPO__HP:0000272,Malar flattening (HP:0000272),0.0
HPO__HP:0100957,Abnormal renal medulla morphology (HP:0100957),0.0
HPO__HP:0000384,Preauricular skin tag (HP:0000384),0.0
HPO__HP:0000574,Thick eyebrow (HP:0000574),0.0
HPO__HP:0000571,Hypometric saccades (HP:0000571),0.0
HPO__HP:0000570,Abnormal saccadic eye movements (HP:0000570),0.0
HPO__HP:0000567,Chorioretinal coloboma (HP:0000567),0.0
HPO__HP:0000565,Esotropia (HP:0000565),0.0
HPO__HP:0000555,Leukocoria (HP:0000555),0.0
HPO__HP:0000552,Tritanomaly (HP:0000552),0.0
HPO__HP:0000541,Retinal detachment (HP:0000541),0.0
HPO__HP:0000540,Hypermetropia (HP:0000540),0.0
HPO__HP:0000537,Epicanthus inversus (HP:0000537),0.0
HPO__HP:0000529,Progressive visual loss (HP:0000529),0.0
HPO__HP:0000528,Anophthalmia (HP:0000528),0.0
HPO__HP:0000526,Aniridia (HP:0000526),0.0
HPO__HP:0000524,Conjunctival telangiectasia (HP:0000524),0.0
HPO__HP:0000473,Torticollis (HP:0000473),0.0
HPO__HP:0000514,Slow saccadic eye movements (HP:0000514),0.0
HPO__HP:0000511,Vertical supranuclear gaze palsy (HP:0000511),0.0
HPO__HP:0000501,Glaucoma (HP:0000501),0.0
HPO__HP:0000498,Blepharitis (HP:0000498),0.0
HPO__HP:0000496,Abnormality of eye movement (HP:0000496),0.0
HPO__HP:0000494,Downslanted palpebral fissures (HP:0000494),0.0
HPO__HP:0000490,Deeply set eye (HP:0000490),0.0
HPO__HP:0000483,Astigmatism (HP:0000483),0.0
HPO__HP:0000482,Microcornea (HP:0000482),0.0
HPO__HP:0000480,Retinal coloboma (HP:0000480),0.0
HPO__HP:0000479,Abnormal retinal morphology (HP:0000479),0.0
HPO__HP:0000476,Cystic hygroma (HP:0000476),0.0
HPO__HP:0000475,Broad neck (HP:0000475),0.0
HPO__HP:0000474,Thickened nuchal skin fold (HP:0000474),0.0
HPO__HP:0000520,Proptosis (HP:0000520),0.0
HPO__HP:0000269,Prominent occiput (HP:0000269),0.0
HPO__HP:0000268,Dolichocephaly (HP:0000268),0.0
HPO__HP:0000260,Wide anterior fontanel (HP:0000260),0.0
HPO__HP:0000256,Macrocephaly (HP:0000256),0.0
HPO__HP:0045025,Narrow palpebral fissure (HP:0045025),0.0
HPO__HP:0040270,Impaired glucose tolerance (HP:0040270),0.0
HPO__HP:0040213,Hypopnea (HP:0040213),0.0
HPO__HP:0040071,Abnormal morphology of ulna (HP:0040071),0.0
HPO__HP:0000047,Hypospadias (HP:0000047),0.0
HPO__HP:0000041,Chordee (HP:0000041),0.0
HPO__HP:0000033,"Ambiguous genitalia, male (HP:0000033)",0.0
HPO__HP:0000026,Male hypogonadism (HP:0000026),0.0
HPO__HP:0030505,Nummular pigmentation of the retina (HP:0030505),0.0
HPO__HP:0030483,Reduced amplitude of dark-adapted bright fla… (HP:0030483),0.0
HPO__HP:0100951,Enlarged fossa interpeduncularis (HP:0100951),0.0
HPO__HP:0030353,Decreased circulating insulin-like growth fa… (HP:0030353),0.0
HPO__HP:0030329,Retinal thinning on OCT (HP:0030329),0.0
HPO__HP:0030211,Slow pupillary light response (HP:0030211),0.0
HPO__HP:0030177,Abnormality of peripheral nervous system ele… (HP:0030177),0.0
HPO__HP:0030157,Flank pain (HP:0030157),0.0
HPO__HP:0030151,Cholangitis (HP:0030151),0.0
HPO__HP:0030147,Truncal titubation (HP:0030147),0.0
HPO__HP:0030010,Hydrometrocolpos (HP:0030010),0.0
HPO__HP:0025700,Anhydramnios (HP:0025700),0.0
HPO__HP:0025514,Morning glory anomaly (HP:0025514),0.0
HPO__HP:0025502,Overweight (HP:0025502),0.0
HPO__HP:0025336,Delayed ability to sit (HP:0025336),0.0
HPO__HP:0025335,Delayed ability to stand (HP:0025335),0.0
HPO__HP:0025186,Marcus Gunn jaw winking synkinesis (HP:0025186),0.0
HPO__HP:0030466,Abnormal full-field electroretinogram (HP:0030466),0.0
HPO__HP:0100866,Short iliac bones (HP:0100866),0.0
HPO__HP:0100864,Short femoral neck (HP:0100864),0.0
HPO__HP:0100840,Aplasia/Hypoplasia of the eyebrow (HP:0100840),0.0
HPO__HP:0100818,Long thorax (HP:0100818),0.0
HPO__HP:0100785,Insomnia (HP:0100785),0.0
HPO__HP:0100750,Atelectasis (HP:0100750),0.0
HPO__HP:0100732,Pancreatic fibrosis (HP:0100732),0.0
HPO__HP:0100710,Impulsivity (HP:0100710),0.0
HPO__HP:0100704,Cerebral visual impairment (HP:0100704),0.0
HPO__HP:0100702,Arachnoid cyst (HP:0100702),0.0
HPO__HP:0100660,Dyskinesia (HP:0100660),0.0
HPO__HP:0100628,Esophageal diverticulum (HP:0100628),0.0
HPO__HP:0100611,Multiple glomerular cysts (HP:0100611),0.0
HPO__HP:0100582,Nasal polyposis (HP:0100582),0.0
HPO__HP:0000233,Thin vermilion border (HP:0000233),0.0
HPO__HP:0100490,Camptodactyly of finger (HP:0100490),0.0
HPO__HP:0100337,Bilateral cleft palate (HP:0100337),0.0
HPO__HP:0100336,Bilateral cleft lip (HP:0100336),0.0
HPO__HP:0100275,Diffuse cerebellar atrophy (HP:0100275),0.0
HPO__HP:0100260,Mesoaxial polydactyly (HP:0100260),0.0
HPO__HP:0100021,Cerebral palsy (HP:0100021),0.0
HPO__HP:0100018,Nuclear cataract (HP:0100018),0.0
HPO__HP:0045075,Sparse eyebrow (HP:0045075),0.0
HPO__HP:0000013,Hypoplasia of the uterus (HP:0000013),0.0
HPO__HP:0000012,Urinary urgency (HP:0000012),0.0
HPO__HP:0000010,Recurrent urinary tract infections (HP:0000010),0.0
INH_UNKNOWN,Inheritance: UNKNOWN,0.0
INH_SPORADIC,Inheritance: SPORADIC,0.0
INH_INCOMPLETE_PENETRANCE,Inheritance: INCOMPLETE_PENETRANCE,0.0
HPO__HP:0100543,Cognitive impairment (HP:0100543),0.0
HPO__HP:0012263,Immotile cilia (HP:0012263),0.0
HPO__HP:0012262,Abnormal ciliary motility (HP:0012262),0.0
HPO__HP:0012260,Abnormal central microtubular pair morpholog… (HP:0012260),0.0
HPO__HP:0032122,Very low visual acuity (HP:0032122),0.0
HPO__HP:0032118,Retinitis (HP:0032118),0.0
HPO__HP:0001085,Papilledema (HP:0001085),0.0
HPO__HP:0001080,Biliary tract abnormality (HP:0001080),0.0
HPO__HP:0001019,Erythroderma (HP:0001019),0.0
HPO__HP:0001007,Hirsutism (HP:0001007),0.0
HPO__HP:0000998,Hypertrichosis (HP:0000998),0.0
HPO__HP:0000980,Pallor (HP:0000980),0.0
HPO__HP:0000973,Cutis laxa (HP:0000973),0.0
HPO__HP:0000969,Edema (HP:0000969),0.0
HPO__HP:0000963,Thin skin (HP:0000963),0.0
HPO__HP:0000575,Scotoma (HP:0000575),0.0
HPO__HP:0000961,Cyanosis (HP:0000961),0.0
HPO__HP:0000960,Sacral dimple (HP:0000960),0.0
HPO__HP:0000954,Single transverse palmar crease (HP:0000954),0.0
HPO__HP:0000946,Hypoplastic ilia (HP:0000946),0.0
HPO__HP:0000939,Osteoporosis (HP:0000939),0.0
HPO__HP:0000938,Osteopenia (HP:0000938),0.0
HPO__HP:0000932,Abnormal posterior cranial fossa morphology (HP:0000932),0.0
HPO__HP:0000921,Missing ribs (HP:0000921),0.0
HPO__HP:0000894,Short clavicles (HP:0000894),0.0
HPO__HP:0000882,Hypoplastic scapulae (HP:0000882),0.0
HPO__HP:0000878,11 pairs of ribs (HP:0000878),0.0
HPO__HP:0000873,Diabetes insipidus (HP:0000873),0.0
HPO__HP:0000871,Panhypopituitarism (HP:0000871),0.0
HPO__HP:0000863,Central diabetes insipidus (HP:0000863),0.0
HPO__HP:0000962,Hyperkeratosis (HP:0000962),0.0
HPO__HP:0032285,Ultra-low vision with retained light project… (HP:0032285),0.0
HPO__HP:0025010,Foveal atrophy (HP:0025010),0.0
HPO__HP:0020185,Superior cerebellar dysplasia (HP:0020185),0.0
HPO__HP:0020049,Exodeviation (HP:0020049),0.0
HPO__HP:0020045,Esodeviation (HP:0020045),0.0
HPO__HP:0012896,Abnormal motor evoked potentials (HP:0012896),0.0
HPO__HP:0012890,Posteriorly placed anus (HP:0012890),0.0
HPO__HP:0012841,Retinal vascular tortuosity (HP:0012841),0.0
HPO__HP:0012806,Proboscis (HP:0012806),0.0
HPO__HP:0012758,Neurodevelopmental delay (HP:0012758),0.0
HPO__HP:0012745,Short palpebral fissure (HP:0012745),0.0
HPO__HP:0012743,Abdominal obesity (HP:0012743),0.0
HPO__HP:0012735,Cough (HP:0012735),0.0
HPO__HP:0012623,Stage 1 chronic kidney disease (HP:0012623),0.0
HPO__HP:0012304,Hypoplastic aortic arch (HP:0012304),0.0
HPO__HP:0011611,Interrupted aortic arch (HP:0011611),0.0
HPO__HP:0012591,Abnormal urinary electrolyte concentration (HP:0012591),0.0
HPO__HP:0012514,Lower limb pain (HP:0012514),0.0
HPO__HP:0012508,Metamorphopsia (HP:0012508),0.0
HPO__HP:0012506,Small pituitary gland (HP:0012506),0.0
HPO__HP:0012473,Tongue atrophy (HP:0012473),0.0
HPO__HP:0012471,Thick vermilion border (HP:0012471),0.0
HPO__HP:0012428,Prominent calcaneus (HP:0012428),0.0
HPO__HP:0012426,Optic disc drusen (HP:0012426),0.0
HPO__HP:0012393,Allergy (HP:0012393),0.0
HPO__HP:0012385,Camptodactyly (HP:0012385),0.0
HPO__HP:0012384,Rhinitis (HP:0012384),0.0
HPO__HP:0012368,Flat face (HP:0012368),0.0
HPO__HP:0012330,Pyelonephritis (HP:0012330),0.0
HPO__HP:0012622,Chronic kidney disease (HP:0012622),0.0
HPO__HP:0000718,Aggressive behavior (HP:0000718),0.0
HPO__HP:0000717,Autism (HP:0000717),0.0
HPO__HP:0000716,Depression (HP:0000716),0.0
HPO__HP:0000691,Microdontia (HP:0000691),0.0
HPO__HP:0000689,Dental malocclusion (HP:0000689),0.0
HPO__HP:0000687,Widely spaced teeth (HP:0000687),0.0
HPO__HP:0000685,Hypoplasia of teeth (HP:0000685),0.0
HPO__HP:0000684,Delayed eruption of teeth (HP:0000684),0.0
HPO__HP:0000682,Abnormal dental enamel morphology (HP:0000682),0.0
HPO__HP:0000679,Taurodontia (HP:0000679),0.0
HPO__HP:0000678,Dental crowding (HP:0000678),0.0
HPO__HP:0000674,Anodontia (HP:0000674),0.0
HPO__HP:0000670,Carious teeth (HP:0000670),0.0
HPO__HP:0000667,Phthisis bulbi (HP:0000667),0.0
HPO__HP:0000858,Irregular menstruation (HP:0000858),0.0
HPO__HP:0000651,Diplopia (HP:0000651),0.0
HPO__HP:0000648,Optic atrophy (HP:0000648),0.0
HPO__HP:0000641,Dysmetric saccades (HP:0000641),0.0
HPO__HP:0000640,Gaze-evoked nystagmus (HP:0000640),0.0
HPO__HP:0000623,Supranuclear ophthalmoplegia (HP:0000623),0.0
HPO__HP:0000617,Abnormality of ocular smooth pursuit (HP:0000617),0.0
HPO__HP:0000616,Miosis (HP:0000616),0.0
HPO__HP:0000612,Iris coloboma (HP:0000612),0.0
HPO__HP:0000609,Optic nerve hypoplasia (HP:0000609),0.0
HPO__HP:0000605,Supranuclear gaze palsy (HP:0000605),0.0
HPO__HP:0000602,Ophthalmoplegia (HP:0000602),0.0
HPO__HP:0000597,Ophthalmoparesis (HP:0000597),0.0
HPO__HP:0000589,Coloboma (HP:0000589),0.0
HPO__HP:0000577,Exotropia (HP:0000577),0.0
HPO__HP:0000666,Horizontal nystagmus (HP:0000666),0.0
HPO__HP:0000855,Insulin resistance (HP:0000855),0.0
HPO__HP:0000835,Adrenal hypoplasia (HP:0000835),0.0
HPO__HP:0000824,Decreased response to growth hormone stimula… (HP:0000824),0.0
HPO__HP:0000823,Delayed puberty (HP:0000823),0.0
HPO__HP:0000821,Hypothyroidism (HP:0000821),0.0
HPO__HP:0000819,Diabetes mellitus (HP:0000819),0.0
HPO__HP:0000812,Abnormal internal genitalia (HP:0000812),0.0
HPO__HP:0000805,Enuresis (HP:0000805),0.0
HPO__HP:0000803,Renal cortical cysts (HP:0000803),0.0
HPO__HP:0000800,Cystic renal dysplasia (HP:0000800),0.0
HPO__HP:0000791,Uric acid nephrolithiasis (HP:0000791),0.0
HPO__HP:0000790,Hematuria (HP:0000790),0.0
HPO__HP:0000789,Infertility (HP:0000789),0.0
HPO__HP:0000786,Primary amenorrhea (HP:0000786),0.0
HPO__HP:0000722,Compulsive behaviors (HP:0000722),0.0
HPO__HP:0000763,Sensory neuropathy (HP:0000763),0.0
HPO__HP:0000762,Decreased nerve conduction velocity (HP:0000762),0.0
HPO__HP:0000757,Lack of insight (HP:0000757),0.0
HPO__HP:0000752,Hyperactivity (HP:0000752),0.0
HPO__HP:0000746,Delusion (HP:0000746),0.0
HPO__HP:0000743,Frontal release signs (HP:0000743),0.0
HPO__HP:0000742,Self-mutilation (HP:0000742),0.0
HPO__HP:0000741,Apathy (HP:0000741),0.0
HPO__HP:0000738,Hallucinations (HP:0000738),0.0
HPO__HP:0000737,Irritability (HP:0000737),0.0
HPO__HP:0000733,Motor stereotypy (HP:0000733),0.0
HPO__HP:0000729,Autistic behavior (HP:0000729),0.0
HPO__HP:0000727,Frontal lobe dementia (HP:0000727),0.0
HPO__HP:0000726,Dementia (HP:0000726),0.0
HPO__HP:0000776,Congenital diaphragmatic hernia (HP:0000776),0.0
HPO__HP:0008689,Bilateral cryptorchidism (HP:0008689),0.0
HPO__HP:0008672,Calcium oxalate nephrolithiasis (HP:0008672),0.0
HPO__HP:0008551,Microtia (HP:0008551),0.0
HPO__HP:0008499,High hypermetropia (HP:0008499),0.0
HPO__HP:0008428,Vertebral clefting (HP:0008428),0.0
HPO__HP:0008422,Vertebral wedging (HP:0008422),0.0
HPO__HP:0008323,Abnormal light- and dark-adapted electroreti… (HP:0008323),0.0
HPO__HP:0008278,Cerebellar cortical atrophy (HP:0008278),0.0
HPO__HP:0008222,Female infertility (HP:0008222),0.0
HPO__HP:0008081,Pes valgus (HP:0008081),0.0
HPO__HP:0008043,Focal retinal arteriolar constriction (HP:0008043),0.0
HPO__HP:0008003,Jerky ocular pursuit movements (HP:0008003),0.0
HPO__HP:0008002,Abnormal macular pigmentation (HP:0008002),0.0
HPO__HP:0008001,Foveal hyperpigmentation (HP:0008001),0.0
HPO__HP:0011950,Unusual bronchiolitis (HP:0011950),0.0
HPO__HP:0007988,Macular hypopigmentation (HP:0007988),0.0
HPO__HP:0007979,Gaze-evoked horizontal nystagmus (HP:0007979),0.0
HPO__HP:0007973,Retinal dysplasia (HP:0007973),0.0
HPO__HP:0007944,Intermittent microsaccadic pursuits (HP:0007944),0.0
HPO__HP:0007894,Fundus hypopigmentation (HP:0007894),0.0
HPO__HP:0007885,Slowed horizontal saccades (HP:0007885),0.0
HPO__HP:0007875,Congenital blindness (HP:0007875),0.0
HPO__HP:0007874,Almond-shaped palpebral fissure (HP:0007874),0.0
HPO__HP:0007859,Congenital horizontal nystagmus (HP:0007859),0.0
HPO__HP:0007830,Adult-onset night blindness (HP:0007830),0.0
HPO__HP:0007814,Retinal pigment epithelial mottling (HP:0007814),0.0
HPO__HP:0007792,Microsaccadic pursuit (HP:0007792),0.0
HPO__HP:0007772,Impaired smooth pursuit (HP:0007772),0.0
HPO__HP:0007754,Macular dystrophy (HP:0007754),0.0
HPO__HP:0007994,Peripheral visual field loss (HP:0007994),0.0
HPO__HP:0009914,Cyclopia (HP:0009914),0.0
HPO__HP:0009880,Broad distal phalanges of all fingers (HP:0009880),0.0
HPO__HP:0009878,Cerebellar ataxia associated with quadrupeda… (HP:0009878),0.0
HPO__HP:0009830,Peripheral neuropathy (HP:0009830),0.0
HPO__HP:0009826,Limb undergrowth (HP:0009826),0.0
HPO__HP:0009806,Nephrogenic diabetes insipidus (HP:0009806),0.0
HPO__HP:0009803,Short phalanx of finger (HP:0009803),0.0
HPO__HP:0009760,Antecubital pterygium (HP:0009760),0.0
HPO__HP:0009623,Proximal placement of thumb (HP:0009623),0.0
HPO__HP:0009611,Bifid distal phalanx of the thumb (HP:0009611),0.0
HPO__HP:0009576,Absent middle phalanx of 2nd finger (HP:0009576),0.0
HPO__HP:0009556,Absent tibia (HP:0009556),0.0
HPO__HP:0009487,Ulnar deviation of the hand (HP:0009487),0.0
HPO__HP:0009466,Radial deviation of finger (HP:0009466),0.0
HPO__HP:0008734,Decreased testicular size (HP:0008734),0.0
HPO__HP:0009183,Joint contracture of the 5th finger (HP:0009183),0.0
HPO__HP:0009162,Absent middle phalanx of 5th finger (HP:0009162),0.0
HPO__HP:0009099,Median cleft palate (HP:0009099),0.0
HPO__HP:0009049,Peroneal muscle atrophy (HP:0009049),0.0
HPO__HP:0009027,Foot dorsiflexor weakness (HP:0009027),0.0
HPO__HP:0008935,Generalized neonatal hypotonia (HP:0008935),0.0
HPO__HP:0008897,Postnatal growth retardation (HP:0008897),0.0
HPO__HP:0008873,Disproportionate short-limb short stature (HP:0008873),0.0
HPO__HP:0008850,Severe postnatal growth retardation (HP:0008850),0.0
HPO__HP:0008839,Hypoplastic pelvis (HP:0008839),0.0
HPO__HP:0008786,Iliac crest serration (HP:0008786),0.0
HPO__HP:0008753,Aplasia of the epiglottis (HP:0008753),0.0
HPO__HP:0008749,Laryngeal hypoplasia (HP:0008749),0.0
HPO__HP:0008736,Hypoplasia of penis (HP:0008736),0.0
HPO__HP:0009381,Short finger (HP:0009381),0.0
HPO__HP:0007033,Cerebellar dysplasia (HP:0007033),0.0
HPO__HP:0007024,Pseudobulbar paralysis (HP:0007024),0.0
HPO__HP:0007021,Pain insensitivity (HP:0007021),0.0
HPO__HP:0007018,Attention deficit hyperactivity disorder (HP:0007018),0.0
HPO__HP:0007006,Dorsal column degeneration (HP:0007006),0.0
HPO__HP:0007001,Loss of Purkinje cells in the cerebellar ver… (HP:0007001),0.0
HPO__HP:0007000,Morning myoclonic jerks (HP:0007000),0.0
HPO__HP:0006989,Dysplastic corpus callosum (HP:0006989),0.0
HPO__HP:0006988,Alobar holoprosencephaly (HP:0006988),0.0
HPO__HP:0006956,Lateral ventricle dilatation (HP:0006956),0.0
HPO__HP:0006938,Impaired vibration sensation at ankles (HP:0006938),0.0
HPO__HP:0006937,Impaired distal tactile sensation (HP:0006937),0.0
HPO__HP:0006895,Lower limb hypertonia (HP:0006895),0.0
HPO__HP:0006889,Borderline intellectual disability (HP:0006889),0.0
HPO__HP:0007750,Hypoplasia of the fovea (HP:0007750),0.0
HPO__HP:0006879,Pontocerebellar atrophy (HP:0006879),0.0
HPO__HP:0006872,Cerebral hypoplasia (HP:0006872),0.0
HPO__HP:0006870,Lobar holoprosencephaly (HP:0006870),0.0
HPO__HP:0006858,Impaired distal proprioception (HP:0006858),0.0
HPO__HP:0006855,Cerebellar vermis atrophy (HP:0006855),0.0
HPO__HP:0006821,Frontal polymicrogyria (HP:0006821),0.0
HPO__HP:0006817,Aplasia/Hypoplasia of the cerebellar vermis (HP:0006817),0.0
HPO__HP:0006706,Cystic liver disease (HP:0006706),0.0
HPO__HP:0006660,Aplastic clavicle (HP:0006660),0.0
HPO__HP:0006610,Wide intermamillary distance (HP:0006610),0.0
HPO__HP:0006580,Portal fibrosis (HP:0006580),0.0
HPO__HP:0006579,Prolonged neonatal jaundice (HP:0006579),0.0
HPO__HP:0006563,Malformation of the hepatic ductal plate (HP:0006563),0.0
HPO__HP:0006557,Polycystic liver disease (HP:0006557),0.0
HPO__HP:0006886,Impaired distal vibration sensation (HP:0006886),0.0
HPO__HP:0007703,Abnormal retinal pigmentation (HP:0007703),0.0
HPO__HP:0007688,Undetectable light- and dark-adapted electro… (HP:0007688),0.0
HPO__HP:0007687,Unilateral ptosis (HP:0007687),0.0
HPO__HP:0007676,Hypoplasia of the iris (HP:0007676),0.0
HPO__HP:0007675,Progressive night blindness (HP:0007675),0.0
HPO__HP:0007670,Abnormal vestibulo-ocular reflex (HP:0007670),0.0
HPO__HP:0007668,Impaired pursuit initiation and maintenance (HP:0007668),0.0
HPO__HP:0007665,Curly eyelashes (HP:0007665),0.0
HPO__HP:0007641,Dyschromatopsia (HP:0007641),0.0
HPO__HP:0007598,Bilateral single transverse palmar creases (HP:0007598),0.0
HPO__HP:0007370,Aplasia/Hypoplasia of the corpus callosum (HP:0007370),0.0
HPO__HP:0007369,Atrophy/Degeneration affecting the cerebrum (HP:0007369),0.0
HPO__HP:0007366,Atrophy/Degeneration affecting the brainstem (HP:0007366),0.0
HPO__HP:0007360,Aplasia/Hypoplasia of the cerebellum (HP:0007360),0.0
HPO__HP:0007068,Inferior cerebellar vermis hypoplasia (HP:0007068),0.0
HPO__HP:0007338,Hypermetric saccades (HP:0007338),0.0
HPO__HP:0007328,Impaired pain sensation (HP:0007328),0.0
HPO__HP:0007305,CNS demyelination (HP:0007305),0.0
HPO__HP:0007291,Posterior fossa cyst (HP:0007291),0.0
HPO__HP:0007289,Limb fasciculations (HP:0007289),0.0
HPO__HP:0007286,Horizontal jerk nystagmus (HP:0007286),0.0
HPO__HP:0007271,Occipital myelomeningocele (HP:0007271),0.0
HPO__HP:0007267,Chronic axonal neuropathy (HP:0007267),0.0
HPO__HP:0007263,Spinocerebellar atrophy (HP:0007263),0.0
HPO__HP:0007256,Abnormal pyramidal sign (HP:0007256),0.0
HPO__HP:0007240,Progressive gait ataxia (HP:0007240),0.0
HPO__HP:0007193,Bilateral tonic-clonic seizure on awakening (HP:0007193),0.0
HPO__HP:0007141,Sensorimotor neuropathy (HP:0007141),0.0
HPO__HP:0007112,Temporal cortical atrophy (HP:0007112),0.0
HPO__HP:0007078,Decreased amplitude of sensory action potent… (HP:0007078),0.0
HPO__HP:0007340,Lower limb muscle weakness (HP:0007340),0.0
HPO__HP:0000059,Hypoplastic labia majora (HP:0000059),0.0
HPO__HP:0000199,Tongue nodules (HP:0000199),0.0
HPO__HP:0000050,Hypoplastic male external genitalia (HP:0000050),0.0
INH_ANTICIPATION,Inheritance: ANTICIPATION,0.0
INH_AGE_RELATED_ONSET,Inheritance: AGE_RELATED_ONSET,0.0
HPO__HP:0500087,Peripapillary atrophy (HP:0500087),0.0
HPO__HP:0430025,Bilateral facial palsy (HP:0430025),0.0
INH_XL,Inheritance: XL,0.0
HPO__HP:0200096,Triangular-shaped open mouth (HP:0200096),0.0
HPO__HP:0200073,Respiratory insufficiency due to defective c… (HP:0200073),0.0
HPO__HP:0200070,Peripheral retinal atrophy (HP:0200070),0.0
HPO__HP:0000110,Renal dysplasia (HP:0000110),0.0
HPO__HP:0000108,Renal corticomedullary cysts (HP:0000108),0.0
HPO__HP:0000105,Enlarged kidney (HP:0000105),0.0
HPO__HP:0009921,Duane anomaly (HP:0009921),0.0
HPO__HP:0000099,Glomerulonephritis (HP:0000099),0.0
HPO__HP:0000098,Tall stature (HP:0000098),0.0
HPO__HP:0000093,Proteinuria (HP:0000093),0.0
HPO__HP:0000077,Abnormality of the kidney (HP:0000077),0.0
HPO__HP:0000076,Vesicoureteral reflux (HP:0000076),0.0
HPO__HP:0000073,Ureteral duplication (HP:0000073),0.0
HPO__HP:0000072,Hydroureter (HP:0000072),0.0
HPO__HP:0000071,Ureteral stenosis (HP:0000071),0.0
HPO__HP:0000069,Abnormality of the ureter (HP:0000069),0.0
HPO__HP:0000062,Ambiguous genitalia (HP:0000062),0.0
HPO__HP:0011579,Unbalanced atrioventricular canal defect (HP:0011579),0.0
HPO__HP:0011565,Common atrium (HP:0011565),0.0
HPO__HP:0011560,Mitral atresia (HP:0011560),0.0
HPO__HP:0011555,Double inlet left ventricle (HP:0011555),0.0
HPO__HP:0000104,Renal agenesis (HP:0000104),0.0
INH_DIGENIC,Inheritance: DIGENIC,0.0
HPO__HP:0000212,Gingival overgrowth (HP:0000212),0.0
HPO__HP:0025161,Frequent temper tantrums (HP:0025161),0.0
HPO__HP:0025158,Hyperautofluorescent retinal lesion (HP:0025158),0.0
HPO__HP:0025147,Beaten bronze macular sheen (HP:0025147),0.0
HPO__HP:0000246,Sinusitis (HP:0000246),0.0
HPO__HP:0000243,Trigonocephaly (HP:0000243),0.0
HPO__HP:0000239,Large fontanelles (HP:0000239),0.0
HPO__HP:0000218,High palate (HP:0000218),0.0
HPO__HP:0200055,Small hand (HP:0200055),0.0
HPO__HP:0000207,Triangular mouth (HP:0000207),0.0
HPO__HP:0000202,Orofacial cleft (HP:0000202),0.0
HPO__HP:0000200,Short lingual frenulum (HP:0000200),0.0
INH_XLR,Inheritance: XLR,0.0
HPO__HP:0000061,"Ambiguous genitalia, female (HP:0000061)",0.0
HPO__HP:0000190,Abnormal oral frenulum morphology (HP:0000190),0.0
HPO__HP:0000179,Thick lower lip vermilion (HP:0000179),0.0
HPO__HP:0000176,Submucous cleft hard palate (HP:0000176),0.0
HPO__HP:0000171,Microglossia (HP:0000171),0.0
HPO__HP:0000164,Abnormality of the dentition (HP:0000164),0.0
HPO__HP:0000160,Narrow mouth (HP:0000160),0.0
HPO__HP:0000158,Macroglossia (HP:0000158),0.0
HPO__HP:0000154,Wide mouth (HP:0000154),0.0
HPO__HP:0000148,Vaginal atresia (HP:0000148),0.0
HPO__HP:0000143,Rectovaginal fistula (HP:0000143),0.0
HPO__HP:0000137,Abnormality of the ovary (HP:0000137),0.0
HPO__HP:0000130,Abnormality of the uterus (HP:0000130),0.0
HPO__HP:0000121,Nephrocalcinosis (HP:0000121),0.0
HPO__HP:0000112,Nephropathy (HP:0000112),0.0
HPO__HP:0000194,Open mouth (HP:0000194),0.0
HPO__HP:0010750,Dermatochalasis (HP:0010750),0.0
HPO__HP:0010743,Short metatarsal (HP:0010743),0.0
HPO__HP:0010702,Increased circulating immunoglobulin concent… (HP:0010702),0.0
HPO__HP:0010650,Hypoplasia of the premaxilla (HP:0010650),0.0
HPO__HP:0010626,Anterior pituitary agenesis (HP:0010626),0.0
HPO__HP:0010579,Cone-shaped epiphysis (HP:0010579),0.0
HPO__HP:0010576,Intracranial cystic lesion (HP:0010576),0.0
HPO__HP:0010566,Hamartoma (HP:0010566),0.0
HPO__HP:0010545,Downbeat nystagmus (HP:0010545),0.0
HPO__HP:0010543,Opsoclonus (HP:0010543),0.0
HPO__HP:0010535,Sleep apnea (HP:0010535),0.0
HPO__HP:0010529,Echolalia (HP:0010529),0.0
HPO__HP:0010526,Dysgraphia (HP:0010526),0.0
HPO__HP:0010477,Aplasia of the bladder (HP:0010477),0.0
HPO__HP:0011540,Levotransposition of the great arteries (HP:0011540),0.0
HPO__HP:0010452,Ectopia of the spleen (HP:0010452),0.0
HPO__HP:0010445,Primum atrial septal defect (HP:0010445),0.0
HPO__HP:0010444,Pulmonic regurgitation (HP:0010444),0.0
HPO__HP:0010306,Short thorax (HP:0010306),0.0
HPO__HP:0010305,Absence of the sacrum (HP:0010305),0.0
HPO__HP:0010300,Abnormally low-pitched voice (HP:0010300),0.0
HPO__HP:0010291,Prominent palatine ridges (HP:0010291),0.0
HPO__HP:0010066,Duplication of phalanx of hallux (HP:0010066),0.0
HPO__HP:0010049,Short metacarpal (HP:0010049),0.0
HPO__HP:0010047,Short 5th metacarpal (HP:0010047),0.0
HPO__HP:0010034,Short 1st metacarpal (HP:0010034),0.0
HPO__HP:0009942,Duplication of thumb phalanx (HP:0009942),0.0
HPO__HP:0009932,Single naris (HP:0009932),0.0
HPO__HP:0009931,Enlarged naris (HP:0009931),0.0
HPO__HP:0010454,Acetabular spurs (HP:0010454),0.0
HPO__HP:0011539,Atrial situs ambiguous (HP:0011539),0.0
HPO__HP:0011538,Atrial situs inversus (HP:0011538),0.0
HPO__HP:0011537,Left atrial isomerism (HP:0011537),0.0
HPO__HP:0011536,Right atrial isomerism (HP:0011536),0.0
HPO__HP:0011505,Cystoid macular edema (HP:0011505),0.0
HPO__HP:0011467,Absent gallbladder (HP:0011467),0.0
HPO__HP:0011448,Ankle clonus (HP:0011448),0.0
HPO__HP:0011402,Demyelinating sensory neuropathy (HP:0011402),0.0
HPO__HP:0011340,Incomplete cleft of the upper lip (HP:0011340),0.0
HPO__HP:0011330,Metopic synostosis (HP:0011330),0.0
HPO__HP:0011315,Unicoronal synostosis (HP:0011315),0.0
HPO__HP:0011220,Prominent forehead (HP:0011220),0.0
HPO__HP:0011108,Recurrent sinusitis (HP:0011108),0.0
HPO__HP:0011094,Increased overbite (HP:0011094),0.0
HPO__HP:0010757,Aplasia of the premaxilla (HP:0010757),0.0
HPO__HP:0011069,Supernumerary tooth (HP:0011069),0.0
HPO__HP:0011004,Abnormal systemic arterial morphology (HP:0011004),0.0
HPO__HP:0011003,High myopia (HP:0011003),0.0
HPO__HP:0010958,Bilateral renal agenesis (HP:0010958),0.0
HPO__HP:0010946,Dilatation of the renal pelvis (HP:0010946),0.0
HPO__HP:0010880,Increased nuchal translucency (HP:0010880),0.0
HPO__HP:0010864,Severe intellectual disability (HP:0010864),0.0
HPO__HP:0010862,Delayed fine motor development (HP:0010862),0.0
HPO__HP:0010831,Impaired proprioception (HP:0010831),0.0
HPO__HP:0010828,Hemifacial spasm (HP:0010828),0.0
HPO__HP:0010812,Short uvula (HP:0010812),0.0
HPO__HP:0010808,Protruding tongue (HP:0010808),0.0
HPO__HP:0010804,Tented upper lip vermilion (HP:0010804),0.0
HPO__HP:0010803,Everted upper lip vermilion (HP:0010803),0.0
HPO__HP:0010773,Partial anomalous pulmonary venous return (HP:0010773),0.0
HPO__HP:0011090,Fused teeth (HP:0011090),0.0
HPO__HP:0002837,Recurrent bronchitis (HP:0002837),0.0
HPO__HP:0002827,Hip dislocation (HP:0002827),0.0
HPO__HP:0002804,Arthrogryposis multiplex congenita (HP:0002804),0.0
HPO__HP:0002790,Neonatal breathing dysregulation (HP:0002790),0.0
HPO__HP:0002789,Tachypnea (HP:0002789),0.0
HPO__HP:0002788,Recurrent upper respiratory tract infections (HP:0002788),0.0
HPO__HP:0002783,Recurrent lower respiratory tract infections (HP:0002783),0.0
HPO__HP:0002751,Kyphoscoliosis (HP:0002751),0.0
HPO__HP:0002719,Recurrent infections (HP:0002719),0.0
HPO__HP:0002714,Downturned corners of mouth (HP:0002714),0.0
HPO__HP:0002692,Hypoplastic facial bones (HP:0002692),0.0
HPO__HP:0002663,Delayed epiphyseal ossification (HP:0002663),0.0
HPO__HP:0002643,Neonatal respiratory distress (HP:0002643),0.0
HPO__HP:0002616,Aortic root aneurysm (HP:0002616),0.0
HPO__HP:0006532,Recurrent pneumonia (HP:0006532),0.0
HPO__HP:0002612,Congenital hepatic fibrosis (HP:0002612),0.0
HPO__HP:0002591,Polyphagia (HP:0002591),0.0
HPO__HP:0002580,Volvulus (HP:0002580),0.0
HPO__HP:0002558,Supernumerary nipple (HP:0002558),0.0
HPO__HP:0002557,Hypoplastic nipples (HP:0002557),0.0
HPO__HP:0002542,Olivopontocerebellar atrophy (HP:0002542),0.0
HPO__HP:0002540,Inability to walk (HP:0002540),0.0
HPO__HP:0002536,Abnormal cortical gyration (HP:0002536),0.0
HPO__HP:0002530,Axial dystonia (HP:0002530),0.0
HPO__HP:0002529,Neuronal loss in central nervous system (HP:0002529),0.0
HPO__HP:0002516,Increased intracranial pressure (HP:0002516),0.0
HPO__HP:0002508,Brainstem dysplasia (HP:0002508),0.0
HPO__HP:0002506,Diffuse cerebral atrophy (HP:0002506),0.0
HPO__HP:0002505,Loss of ambulation (HP:0002505),0.0
HPO__HP:0002613,Biliary cirrhosis (HP:0002613),0.0
HPO__HP:0030760,Renal fibrosis (HP:0030760),0.0
HPO__HP:0030680,Abnormal cardiovascular system morphology (HP:0030680),0.0
HPO__HP:0030672,Asteroid hyalosis (HP:0030672),0.0
HPO__HP:0030631,Hyperautofluorescent macular lesion (HP:0030631),0.0
HPO__HP:0030629,Perifoveal ring of hyperautofluorescence (HP:0030629),0.0
HPO__HP:0030553,Visual acuity no light perception (HP:0030553),0.0
HPO__HP:0030529,Ring scotoma (HP:0030529),0.0
HPO__HP:0030515,Moderately reduced visual acuity (HP:0030515),0.0
HPO__HP:0003038,Fibular hypoplasia (HP:0003038),0.0
HPO__HP:0003031,Ulnar bowing (HP:0003031),0.0
HPO__HP:0003027,Mesomelia (HP:0003027),0.0
HPO__HP:0003022,Hypoplasia of the ulna (HP:0003022),0.0
HPO__HP:0003021,Metaphyseal cupping (HP:0003021),0.0
HPO__HP:0003016,Metaphyseal widening (HP:0003016),0.0
HPO__HP:0002839,Urinary bladder sphincter dysfunction (HP:0002839),0.0
HPO__HP:0002987,Elbow flexion contracture (HP:0002987),0.0
HPO__HP:0002986,Radial bowing (HP:0002986),0.0
HPO__HP:0002984,Hypoplasia of the radius (HP:0002984),0.0
HPO__HP:0002974,Radioulnar synostosis (HP:0002974),0.0
HPO__HP:0002938,Lumbar hyperlordosis (HP:0002938),0.0
HPO__HP:0002936,Distal sensory impairment (HP:0002936),0.0
HPO__HP:0002910,Elevated circulating hepatic transaminase co… (HP:0002910),0.0
HPO__HP:0002901,Hypocalcemia (HP:0002901),0.0
HPO__HP:0002883,Hyperventilation (HP:0002883),0.0
HPO__HP:0002878,Respiratory failure (HP:0002878),0.0
HPO__HP:0002876,Episodic tachypnea (HP:0002876),0.0
HPO__HP:0002871,Central apnea (HP:0002871),0.0
HPO__HP:0002869,Flared iliac wing (HP:0002869),0.0
HPO__HP:0002857,Genu valgum (HP:0002857),0.0
HPO__HP:0002996,Limited elbow movement (HP:0002996),0.0
HPO__HP:0002345,Action tremor (HP:0002345),0.0
HPO__HP:0002342,Moderate intellectual disability (HP:0002342),0.0
HPO__HP:0012259,Absent inner and outer dynein arms (HP:0012259),0.0
HPO__HP:0012258,Abnormal axonemal organization of respirator… (HP:0012258),0.0
HPO__HP:0012257,Absent inner dynein arms (HP:0012257),0.0
HPO__HP:0012256,Absent outer dynein arms (HP:0012256),0.0
HPO__HP:0012255,Dynein arm defect of respiratory motile cilia (HP:0012255),0.0
HPO__HP:0012213,Decreased glomerular filtration rate (HP:0012213),0.0
HPO__HP:0012210,Abnormal renal morphology (HP:0012210),0.0
HPO__HP:0012208,Immotile sperm (HP:0012208),0.0
HPO__HP:0012207,Reduced sperm motility (HP:0012207),0.0
HPO__HP:0012165,Oligodactyly (HP:0012165),0.0
HPO__HP:0012047,Hemeralopia (HP:0012047),0.0
HPO__HP:0012045,Retinal flecks (HP:0012045),0.0
HPO__HP:0002503,Spinocerebellar tract degeneration (HP:0002503),0.0
HPO__HP:0011999,Paranoia (HP:0011999),0.0
INH_XLD,Inheritance: XLD,0.0
HPO__HP:0011939,3-4 finger cutaneous syndactyly (HP:0011939),0.0
HPO__HP:0011933,Elongated superior cerebellar peduncle (HP:0011933),0.0
HPO__HP:0011927,Short digit (HP:0011927),0.0
HPO__HP:0011922,Abnormal activity of mitochondrial respirato… (HP:0011922),0.0
HPO__HP:0011861,Bilateral trilobed lung (HP:0011861),0.0
HPO__HP:0011800,Midface retrusion (HP:0011800),0.0
HPO__HP:0011787,Central hypothyroidism (HP:0011787),0.0
HPO__HP:0011760,Pituitary growth hormone cell adenoma (HP:0011760),0.0
HPO__HP:0011755,Ectopic posterior pituitary (HP:0011755),0.0
HPO__HP:0011699,Atrial reentry tachycardia (HP:0011699),0.0
HPO__HP:0011671,Interrupted inferior vena cava with azygous … (HP:0011671),0.0
HPO__HP:0011670,Left superior vena cava draining to coronary… (HP:0011670),0.0
HPO__HP:0012043,Pendular nystagmus (HP:0012043),0.0
HPO__HP:0002497,Spastic ataxia (HP:0002497),0.0
HPO__HP:0002495,Impaired vibratory sensation (HP:0002495),0.0
HPO__HP:0002493,Upper motor neuron dysfunction (HP:0002493),0.0
HPO__HP:0002475,Myelomeningocele (HP:0002475),0.0
HPO__HP:0002470,Nonprogressive cerebellar ataxia (HP:0002470),0.0
HPO__HP:0002465,Poor speech (HP:0002465),0.0
HPO__HP:0002460,Distal muscle weakness (HP:0002460),0.0
HPO__HP:0002444,Hypothalamic hamartoma (HP:0002444),0.0
HPO__HP:0002442,Dyscalculia (HP:0002442),0.0
HPO__HP:0002436,Occipital meningocele (HP:0002436),0.0
HPO__HP:0002435,Meningocele (HP:0002435),0.0
HPO__HP:0002423,Long-tract sign (HP:0002423),0.0
HPO__HP:0002421,Poor head control (HP:0002421),0.0
HPO__HP:0002411,Myokymia (HP:0002411),0.0
HPO__HP:0002346,Head tremor (HP:0002346),0.0
HPO__HP:0002406,Limb dysmetria (HP:0002406),0.0
HPO__HP:0002404,Thickened superior cerebellar peduncle (HP:0002404),0.0
HPO__HP:0002403,Positive Romberg sign (HP:0002403),0.0
HPO__HP:0002396,Cogwheel rigidity (HP:0002396),0.0
HPO__HP:0002395,Lower limb hyperreflexia (HP:0002395),0.0
HPO__HP:0002392,EEG with polyspike wave complexes (HP:0002392),0.0
HPO__HP:0002384,Focal impaired awareness seizure (HP:0002384),0.0
HPO__HP:0002380,Fasciculations (HP:0002380),0.0
HPO__HP:0002376,Developmental regression (HP:0002376),0.0
HPO__HP:0002365,Hypoplasia of the brainstem (HP:0002365),0.0
HPO__HP:0002360,Sleep disturbance (HP:0002360),0.0
HPO__HP:0002359,Frequent falls (HP:0002359),0.0
HPO__HP:0002354,Memory impairment (HP:0002354),0.0
HPO__HP:0002352,Leukoencephalopathy (HP:0002352),0.0
HPO__HP:0002350,Cerebellar cyst (HP:0002350),0.0
HPO__HP:0002410,Aqueductal stenosis (HP:0002410),0.0
HPO__HP:0005285,Absent nasal bridge (HP:0005285),0.0
HPO__HP:0005273,Absent nasal septal cartilage (HP:0005273),0.0
HPO__HP:0005248,Intrahepatic biliary atresia (HP:0005248),0.0
HPO__HP:0005180,Tricuspid regurgitation (HP:0005180),0.0
HPO__HP:0005160,Total anomalous pulmonary venous return (HP:0005160),0.0
HPO__HP:0005148,Pulmonary valve defects (HP:0005148),0.0
HPO__HP:0005054,Metaphyseal spurs (HP:0005054),0.0
HPO__HP:0004971,Pulmonary artery hypoplasia (HP:0004971),0.0
HPO__HP:0004970,Ascending tubular aorta aneurysm (HP:0004970),0.0
HPO__HP:0004944,Dilatation of the cerebral artery (HP:0004944),0.0
HPO__HP:0004762,Hypoplasia of right ventricle (HP:0004762),0.0
HPO__HP:0004743,Chronic tubulointerstitial nephritis (HP:0004743),0.0
HPO__HP:0004737,Global glomerulosclerosis (HP:0004737),0.0
HPO__HP:0004692,4-5 toe syndactyly (HP:0004692),0.0
HPO__HP:0030769,Exencephaly (HP:0030769),0.0
HPO__HP:0004689,Short fourth metatarsal (HP:0004689),0.0
HPO__HP:0004639,Elevated amniotic fluid alpha-fetoprotein co… (HP:0004639),0.0
HPO__HP:0004491,Large posterior fontanelle (HP:0004491),0.0
HPO__HP:0004482,Relative macrocephaly (HP:0004482),0.0
HPO__HP:0004442,Sagittal craniosynostosis (HP:0004442),0.0
HPO__HP:0004428,Elfin facies (HP:0004428),0.0
HPO__HP:0004425,Flat forehead (HP:0004425),0.0
HPO__HP:0004409,Hyposmia (HP:0004409),0.0
HPO__HP:0004396,Poor appetite (HP:0004396),0.0
HPO__HP:0004373,Focal dystonia (HP:0004373),0.0
HPO__HP:0004370,Abnormality of temperature regulation (HP:0004370),0.0
HPO__HP:0004326,Cachexia (HP:0004326),0.0
HPO__HP:0004209,Clinodactyly of the 5th finger (HP:0004209),0.0
HPO__HP:0003865,Bowed humerus (HP:0003865),0.0
HPO__HP:0004691,2-3 toe syndactyly (HP:0004691),0.0
HPO__HP:0006510,Chronic pulmonary obstruction (HP:0006510),0.0
HPO__HP:0006487,Bowing of the long bones (HP:0006487),0.0
HPO__HP:0006371,Broad long bone diaphyses (HP:0006371),0.0
HPO__HP:0006349,Agenesis of permanent teeth (HP:0006349),0.0
HPO__HP:0006335,Persistence of primary teeth (HP:0006335),0.0
HPO__HP:0006329,Alveolar process hypoplasia (HP:0006329),0.0
HPO__HP:0006315,Solitary median maxillary central incisor (HP:0006315),0.0
HPO__HP:0006297,Enamel hypoplasia (HP:0006297),0.0
HPO__HP:0006267,Large placenta (HP:0006267),0.0
HPO__HP:0006254,Elevated circulating alpha-fetoprotein conce… (HP:0006254),0.0
HPO__HP:0006159,Mesoaxial hand polydactyly (HP:0006159),0.0
HPO__HP:0006145,Central Y-shaped metacarpal (HP:0006145),0.0
HPO__HP:0006101,Finger syndactyly (HP:0006101),0.0
HPO__HP:0006042,Y-shaped metacarpals (HP:0006042),0.0
HPO__HP:0005301,Persistent left superior vena cava (HP:0005301),0.0
HPO__HP:0005938,Abnormal respiratory motile cilium morphology (HP:0005938),0.0
HPO__HP:0005912,Biliary atresia (HP:0005912),0.0
HPO__HP:0005873,Polysyndactyly of hallux (HP:0005873),0.0
HPO__HP:0005819,Short middle phalanx of finger (HP:0005819),0.0
HPO__HP:0005817,Postaxial polysyndactyly of foot (HP:0005817),0.0
HPO__HP:0005792,Short humerus (HP:0005792),0.0
HPO__HP:0005766,Disproportionate shortening of the tibia (HP:0005766),0.0
HPO__HP:0005736,Short tibia (HP:0005736),0.0
HPO__HP:0005583,Tubular basement membrane disintegration (HP:0005583),0.0
HPO__HP:0005567,Renal magnesium wasting (HP:0005567),0.0
HPO__HP:0005565,Reduced renal corticomedullary differentiati… (HP:0005565),0.0
HPO__HP:0005484,Secondary microcephaly (HP:0005484),0.0
HPO__HP:0005474,Decreased calvarial ossification (HP:0005474),0.0
HPO__HP:0005349,Hypoplasia of the epiglottis (HP:0005349),0.0
HPO__HP:0005343,Hypoplasia of the bladder (HP:0005343),0.0
HPO__HP:0005957,Breathing dysregulation (HP:0005957),0.0
HPO__HP:0003173,Hypoplastic pubic bone (HP:0003173),0.0
HPO__HP:0003124,Hypercholesterolemia (HP:0003124),0.0
HPO__HP:0003090,Hypoplasia of the capital femoral epiphysis (HP:0003090),0.0
HPO__HP:0003074,Hyperglycemia (HP:0003074),0.0
HPO__HP:0003073,Hypoalbuminemia (HP:0003073),0.0
HPO__HP:0003071,Flattened epiphysis (HP:0003071),0.0
HPO__HP:0003042,Elbow dislocation (HP:0003042),0.0
HPO__HP:0032078,Angel-shaped phalanx (HP:0032078),0.0
HPO__HP:0031936,Delayed ability to walk (HP:0031936),0.0
HPO__HP:0031834,Aortopulmonary collateral arteries (HP:0031834),0.0
HPO__HP:0031629,Impaired tandem gait (HP:0031629),0.0
HPO__HP:0031624,Moderate myopia (HP:0031624),0.0
HPO__HP:0031609,Macular geographic atrophy (HP:0031609),0.0
HPO__HP:0031605,Abnormal fundus pigmentation (HP:0031605),0.0
HPO__HP:0003781,Excessive salivation (HP:0003781),0.0
HPO__HP:0031565,Abdominal situs ambiguus (HP:0031565),0.0
HPO__HP:0031500,Abdominal mass (HP:0031500),0.0
HPO__HP:0031491,Continuous spike and waves during slow sleep (HP:0031491),0.0
HPO__HP:0031417,Rhinorrhea (HP:0031417),0.0
HPO__HP:0031348,Dextrotransposition of the great arteries (HP:0031348),0.0
HPO__HP:0031245,Productive cough (HP:0031245),0.0
HPO__HP:0031166,Eyelid myokymia (HP:0031166),0.0
HPO__HP:0030948,Elevated gamma-glutamyltransferase level (HP:0030948),0.0
HPO__HP:0030902,Palmomental reflex (HP:0030902),0.0
HPO__HP:0030853,Heterotaxy (HP:0030853),0.0
HPO__HP:0030844,Undetectable pattern electroretinogram (HP:0030844),0.0
HPO__HP:0030828,Wheezing (HP:0030828),0.0
HPO__HP:0030799,Scaphocephaly (HP:0030799),0.0
HPO__HP:0030786,Photopsia (HP:0030786),0.0
HPO__HP:0031590,Asthenopia (HP:0031590),0.0
HPO__HP:0003763,Bruxism (HP:0003763),0.0
HPO__HP:0003762,Uterus didelphys (HP:0003762),0.0
HPO__HP:0003701,Proximal muscle weakness (HP:0003701),0.0
HPO__HP:0003698,Difficulty standing (HP:0003698),0.0
HPO__HP:0003693,Distal amyotrophy (HP:0003693),0.0
HPO__HP:0003690,Limb muscle weakness (HP:0003690),0.0
HPO__HP:0003546,Exercise intolerance (HP:0003546),0.0
HPO__HP:0003521,Disproportionate short-trunk short stature (HP:0003521),0.0
HPO__HP:0003487,Babinski sign (HP:0003487),0.0
HPO__HP:0003477,Peripheral axonal neuropathy (HP:0003477),0.0
HPO__HP:0003474,Somatic sensory dysfunction (HP:0003474),0.0
HPO__HP:0003448,Decreased sensory nerve conduction velocity (HP:0003448),0.0
HPO__HP:0003445,EMG: neuropathic changes (HP:0003445),0.0
HPO__HP:0003431,Decreased motor nerve conduction velocity (HP:0003431),0.0
HPO__HP:0003175,Hypoplastic ischia (HP:0003175),0.0
HPO__HP:0003394,Muscle spasm (HP:0003394),0.0
HPO__HP:0003391,Gowers sign (HP:0003391),0.0
HPO__HP:0003390,Sensory axonal neuropathy (HP:0003390),0.0
HPO__HP:0003380,Decreased number of peripheral myelinated ne… (HP:0003380),0.0
HPO__HP:0003376,Steppage gait (HP:0003376),0.0
HPO__HP:0003375,Narrow greater sciatic notch (HP:0003375),0.0
HPO__HP:0003311,Hypoplasia of the odontoid process (HP:0003311),0.0
HPO__HP:0003305,Block vertebrae (HP:0003305),0.0
HPO__HP:0003270,Abdominal distention (HP:0003270),0.0
HPO__HP:0003236,Elevated circulating creatine kinase activity (HP:0003236),0.0
HPO__HP:0003202,Skeletal muscle atrophy (HP:0003202),0.0
HPO__HP:0003200,Ragged-red muscle fibers (HP:0003200),0.0
HPO__HP:0003196,Short nose (HP:0003196),0.0
HPO__HP:0003180,Flat acetabular roof (HP:0003180),0.0
HPO__HP:0003177,Squared iliac bones (HP:0003177),0.0
HPO__HP:0003401,Paresthesia (HP:0003401),0.0
